model,fuel_type,city_efficiency,highway_efficiency,electric_range,displacement,year
스타리아(US4)라운지 하이브리드 1.6T-GDI 모빌리티 7인 18인치(nC),gasoline,13.5,11.6,,1598.0,2024
스타리아(US4)라운지 하이브리드 1.6T-GDI 모빌리티 9인 18인치(nC),gasoline,13.5,11.6,,1598.0,2024
스타리아(US4)라운지 하이브리드 1.6T-GDI 모빌리티 7인 18인치(C),gasoline,13.1,11.6,,1598.0,2024
스타리아(US4)라운지 하이브리드 1.6T-GDI 모빌리티 9인 18인치(C),gasoline,13.1,11.6,,1598.0,2024
"G80(PE) 2.5T-GDI RWD 20""",gasoline,8.6,12.5,,2497.0,2024
"G80(PE) 2.5T-GDI AWD 20""",gasoline,8.1,12.0,,2497.0,2024
아반떼(PE) 1.6 가솔린 15인치 타이어(25MY),gasoline,13.4,17.4,,1598.0,2024
한국상용0.9톤롱바디EV내장탑트럭,electric,2.6,1.7,137.0,,2024
캐스퍼(AX1) EV 항속형 15인치,electric,6.2,4.9,315.0,,2024
캐스퍼(AX1) EV 항속형 17인치,electric,5.7,4.7,295.0,,2024
"GV70 FL 3.5T-GDI RWD 21""",gasoline,7.5,10.1,,3470.0,2024
"GV70 FL 3.5T-GDI RWD 21"" 스포츠패키지",gasoline,7.5,10.1,,3470.0,2024
"GV70 FL 2.5T-GDI AWD 21""",gasoline,7.9,10.8,,2497.0,2024
"GV70 FL 2.5T-GDI AWD 19""",gasoline,8.2,11.4,,2497.0,2024
"GV70 FL 2.5T-GDI RWD 18""(C)",gasoline,8.7,12.4,,2497.0,2024
"GV70 FL 2.5T-GDI RWD 18""(nC)",gasoline,8.9,12.5,,2497.0,2024
"GV70 FL 2.5T-GDI AWD 19"" 스포츠패키지",gasoline,8.2,11.4,,2497.0,2024
"GV70 FL 2.5T-GDI AWD 21"" 스포츠패키지",gasoline,7.9,10.8,,2497.0,2024
"GV70 FL 3.5T-GDI RWD 21"" 스포츠패키지(썸머)",gasoline,7.5,10.1,,3470.0,2024
"GV70 FL 2.5T-GDI RWD 21""",gasoline,8.5,11.6,,2497.0,2024
"GV70 FL 2.5T-GDI RWD 19""",gasoline,8.5,11.8,,2497.0,2024
"GV70 FL 3.5T-GDI AWD 21"" ",gasoline,7.3,9.8,,3470.0,2024
"GV70 FL 3.5T-GDI AWD 21"" 스포츠패키지",gasoline,7.3,9.8,,3470.0,2024
한국상용1톤롱바디EV트럭,electric,3.2,2.3,177.0,,2024
"GV70 FL 2.5T-GDI AWD 18""",gasoline,8.4,11.8,,2497.0,2024
"GV70 FL 2.5T-GDI RWD 21"" 스포츠패키지",gasoline,8.5,11.6,,2497.0,2024
"GV70 FL 2.5T-GDI RWD 19"" 스포츠패키지",gasoline,8.5,11.8,,2497.0,2024
"GV70 FL 3.5T-GDI AWD 19""",gasoline,7.5,10.2,,3470.0,2024
"GV70 FL 3.5T-GDI RWD 19""",gasoline,7.8,10.9,,3470.0,2024
"GV70 FL 3.5T-GDI AWD 21"" 스포츠패키지(썸머)",gasoline,7.3,9.8,,3470.0,2024
아이오닉5 N-line RWD,electric,5.2,4.1,441.0,,2024
아이오닉5 N-line AWD,electric,4.8,3.9,411.0,,2024
아이오닉5 개조 항속형 AWD 19인치,electric,5.2,4.3,451.0,,2024
아이오닉5 개조 항속형 AWD 20인치,electric,4.9,4.0,425.0,,2024
아이오닉5 개조 항속형 RWD 19인치(nC),electric,5.8,4.6,485.0,,2024
포터일렉트릭 24MY,electric,3.6,2.7,211.0,,2024
아이오닉5 개조 항속형 RWD 20인치,electric,5.3,4.4,453.0,,2024
G90 e-S/C 3.5T-GDI AWD 4인 21인치_24MY,gasoline,7.2,10.1,,3470.0,2024
G90 e-S/C 3.5T-GDI(LWB) AWD 5인 20인치_24MY,gasoline,7.1,10.0,,3470.0,2024
G90 e-SC 3.5T-GDI(LWB) AWD 4인 20인치_24MY,gasoline,7.1,10.0,,3470.0,2024
G90 e-S/C 3.5T-GDI 2WD 5인 20인치(nC)_24MY,gasoline,7.8,11.2,,3470.0,2024
G90 e-S/C 3.5T-GDI 2WD 5인 20인치(C)_24MY,gasoline,7.8,11.2,,3470.0,2024
G90 e-S/C 3.5T-GDI 2WD 4인 20인치(nC)_24MY,gasoline,7.8,11.2,,3470.0,2024
G90 e-S/C 3.5T-GDI 2WD 4인 20인치(C)_24MY,gasoline,7.8,11.2,,3470.0,2024
G90 e-S/C 3.5T-GDI 2WD 4/5인 블랙라인,gasoline,7.3,10.4,,3470.0,2024
G90 e-S/C 3.5T-GDI 2WD 5인 21인치_24MY,gasoline,7.6,10.8,,3470.0,2024
G90 e-S/C 3.5T-GDI 2WD 4인 21인치_24MY,gasoline,7.6,10.8,,3470.0,2024
G90 e-S/C 3.5T-GDI AWD 5인 20인치_24MY,gasoline,7.3,10.3,,3470.0,2024
G90 e-S/C 3.5T-GDI AWD 4인 20인치_24MY,gasoline,7.3,10.3,,3470.0,2024
G90 e-S/C 3.5T-GDI AWD 4/5인 블랙라인,gasoline,7.1,10.0,,3470.0,2024
G90 e-S/C 3.5T-GDI AWD 5인 21인치_24MY,gasoline,7.2,10.1,,3470.0,2024
G90 3.5T-GDI 2WD 5인 19인치 (nC)_24MY,gasoline,8.0,11.5,,3470.0,2024
G90 3.5T-GDI 2WD 5인 19인치(C)_24MY,gasoline,8.0,11.5,,3470.0,2024
G90 3.5T-GDI 2WD 4인 19인치_24MY,gasoline,7.8,11.1,,3470.0,2024
G90 3.5T-GDI 2WD 4/5인 블랙라인,gasoline,7.6,10.8,,3470.0,2024
G90 3.5T-GDI 2WD 5인 20인치_24MY,gasoline,7.7,10.8,,3470.0,2024
G90 3.5T-GDI 2WD 4인 20인치_24MY,gasoline,7.7,10.8,,3470.0,2024
G90 3.5T-GDI AWD 5인 19인치_24MY,gasoline,7.4,10.3,,3470.0,2024
G90 3.5T-GDI AWD 4인 19인치_24MY,gasoline,7.4,10.3,,3470.0,2024
G90 3.5T-GDI AWD 4/5인 블랙라인,gasoline,7.0,9.8,,3470.0,2024
G90 3.5T-GDI AWD 5인 20인치_24MY,gasoline,7.2,10.1,,3470.0,2024
G90 3.5T-GDI AWD 4인 20인치_24MY,gasoline,7.2,10.1,,3470.0,2024
아이오닉5 개조 항속형 RWD 19인치(C),electric,5.6,4.5,478.0,,2024
"스타리아(US4) 하이브리드 1.6T-GDI 11인 17""",gasoline,13.1,12.0,,1598.0,2024
"스타리아(US4) 밴 하이브리드 1.6T-GDI 3인 17""",gasoline,13.9,12.0,,1598.0,2024
"스타리아(US4) 하이브리드 1.6T-GDI 9인 17"" (nC)",gasoline,13.5,11.6,,1598.0,2024
"스타리아(US4) 하이브리드 1.6T-GDI 9인 18"" (nC)",gasoline,13.5,11.6,,1598.0,2024
"스타리아(US4)라운지 하이브리드1.6T-GDI 7인 18""(nC)",gasoline,13.5,11.6,,1598.0,2024
"스타리아(US4) 하이브리드 1.6T-GDI 9인 17"" (C)",gasoline,13.1,11.6,,1598.0,2024
"스타리아(US4) 하이브리드 1.6T-GDI 9인 18"" (C)",gasoline,13.1,11.6,,1598.0,2024
"스타리아(US4)라운지 하이브리드1.6T-GDI 7인 18""(C)",gasoline,13.1,11.6,,1598.0,2024
"스타리아(US4) 하이브리드 1.6T-GDI 11인 18""",gasoline,13.1,12.0,,1598.0,2024
"스타리아(US4) 밴 하이브리드 1.6T-GDI 5인 17""",gasoline,13.9,12.0,,1598.0,2024
"스타리아(US4)라운지 하이브리드1.6T-GDI 9인 18""(nC)",gasoline,13.5,11.6,,1598.0,2024
"스타리아(US4)라운지 하이브리드1.6T-GDI 9인 18""(C)",gasoline,13.1,11.6,,1598.0,2024
"G80(PE) 2.5T-GDI RWD 20""(올시즌)",gasoline,8.6,12.5,,2497.0,2024
"G80(PE) 2.5T-GDI RWD 20""(썸머)",gasoline,8.4,12.5,,2497.0,2024
"G80(PE) 2.5T-GDI RWD 19""",gasoline,8.8,13.2,,2497.0,2024
"G80(PE) 2.5T-GDI RWD 18"" (nC)",gasoline,9.0,13.5,,2497.0,2024
"G80(PE) 2.5T-GDI RWD 18"" (C)",gasoline,9.0,13.4,,2497.0,2024
"G80(PE) 2.5T-GDI AWD 20""(올시즌)",gasoline,8.1,12.0,,2497.0,2024
"G80(PE) 2.5T-GDI AWD 20""(썸머)",gasoline,8.0,12.0,,2497.0,2024
"G80(PE) 2.5T-GDI AWD 19""",gasoline,8.3,12.0,,2497.0,2024
"G80(PE) 2.5T-GDI AWD 18"" (nC)",gasoline,8.5,12.5,,2497.0,2024
"G80(PE) 2.5T-GDI AWD 18"" (C)",gasoline,8.3,12.0,,2497.0,2024
G80(PE) 3.5T-GDI RWD 20“(올시즌),gasoline,7.6,11.0,,3470.0,2024
G80(PE) 3.5T-GDI RWD 20“(썸머),gasoline,7.4,11.0,,3470.0,2024
"G80(PE) 3.5T-GDI RWD 19""",gasoline,7.6,11.7,,3470.0,2024
G80(PE) 3.5T-GDI AWD 20“(올시즌),gasoline,7.1,10.2,,3470.0,2024
G80(PE) 3.5T-GDI AWD 20“(썸머),gasoline,7.1,10.2,,3470.0,2024
"G80(PE) 3.5T-GDI AWD 19""",gasoline,7.2,10.1,,3470.0,2024
코나 일렉트릭(N-Line) 19인치,electric,5.1,4.3,364.0,,2024
GV80 e-S/C 3.5T-GDI 20인치(nC),gasoline,7.4,9.8,,3470.0,2024
GV80 e-S/C 3.5T-GDI 20인치(C),gasoline,7.3,9.6,,3470.0,2024
GV80 e-S/C 3.5T-GDI 22인치,gasoline,7.3,9.3,,3470.0,2024
"투싼 개조 2.0 디젤 8AT AWD 17""",diesel,11.4,14.4,,1998.0,2024
"투싼 개조 2.0 디젤 8AT AWD 18""",diesel,11.7,14.6,,1998.0,2024
"투싼 개조 2.0 디젤 8AT AWD 19""",diesel,11.2,14.1,,1998.0,2024
"투싼 개조 2.0 디젤 8AT 2WD 17""",diesel,12.7,16.7,,1998.0,2024
"투싼 개조 2.0 디젤 8AT 2WD 18"" (nC)",diesel,12.7,16.8,,1998.0,2024
"투싼 개조 2.0 디젤 8AT 2WD 18"" (C)",diesel,12.4,16.7,,1998.0,2024
"투싼 개조 2.0 디젤 8AT 2WD 19""",diesel,12.3,16.4,,1998.0,2024
"투싼 개조 1.6T-GDI 하이브리드 6AT AWD 17""",gasoline,14.7,14.6,,1598.0,2024
"투싼 개조 1.6T-GDI 하이브리드 6AT 2WD 17"" (nC)",gasoline,17.0,15.2,,1598.0,2024
"투싼 개조 1.6T-GDI 하이브리드 6AT 2WD 17"" (C)",gasoline,16.1,15.1,,1598.0,2024
"투싼 개조 1.6T-GDI 하이브리드 6AT AWD 18""",gasoline,14.7,14.6,,1598.0,2024
"투싼 개조 1.6T-GDI 하이브리드 6AT AWD 19""",gasoline,14.4,14.1,,1598.0,2024
"투싼 개조 1.6T-GDI 하이브리드 6AT 2WD 18"" (nC)",gasoline,17.0,15.2,,1598.0,2024
"투싼 개조 1.6T-GDI 하이브리드 6AT 2WD 18"" (C)",gasoline,16.1,15.1,,1598.0,2024
"투싼 개조 1.6T-GDI 하이브리드 6AT 2WD 19""",gasoline,15.1,14.5,,1598.0,2024
"투싼 개조 1.6T-GDI 7DCT AWD 17""",gasoline,10.7,12.8,,1598.0,2024
"투싼 개조 1.6T-GDI 7DCT AWD 18""",gasoline,10.2,12.9,,1598.0,2024
"투싼 개조 1.6T-GDI 7DCT AWD 19""",gasoline,10.1,12.7,,1598.0,2024
"투싼 개조 1.6T-GDI 7DCT 2WD 17""",gasoline,11.5,13.9,,1598.0,2024
"투싼 개조 1.6T-GDI 7DCT 2WD 18"" (nC)",gasoline,11.5,13.8,,1598.0,2024
"투싼 개조 1.6T-GDI 7DCT 2WD 18"" (C)",gasoline,11.3,13.7,,1598.0,2024
"투싼 개조 1.6T-GDI 7DCT 2WD 19""",gasoline,10.9,13.6,,1598.0,2024
"GV80 개조 3.5T AWD 20"" 5인 빌트인캠 장착",gasoline,6.8,9.2,,3470.0,2023
"GV80 개조 3.5T AWD 20"" 6/7인",gasoline,6.8,9.2,,3470.0,2023
GV80 개조 3.5T AWD 쿠페,gasoline,6.8,9.3,,3470.0,2023
"GV80 개조 3.5T AWD 22""",gasoline,6.8,9.2,,3470.0,2023
"GV80 개조 3.5T AWD 20"" 5인 빌트인캠 미장착",gasoline,6.8,9.7,,3470.0,2023
"GV80 개조 3.5T 2WD 22""",gasoline,7.3,9.7,,3470.0,2023
"GV80 개조 3.5T 2WD 20"" 6/7인",gasoline,7.3,9.5,,3470.0,2023
"GV80 개조 3.5T 2WD 20"" 5인 빌트인캠 장착",gasoline,7.4,9.9,,3470.0,2023
"GV80 개조 3.5T 2WD 20"" 5인 빌트인캠 미장착",gasoline,7.7,10.0,,3470.0,2023
GV80 개조 2.5T AWD 쿠페,gasoline,7.3,9.5,,2497.0,2023
"GV80 개조 2.5T 2WD 19"" 빌트인캠 장착",gasoline,8.0,10.8,,2497.0,2023
"GV80 개조 2.5T 2WD 19"" 빌트인캠 미장착",gasoline,8.2,11.0,,2497.0,2023
"GV80 개조 2.5T 2WD 20""/22""",gasoline,7.9,10.5,,2497.0,2023
"GV80 개조 2.5T AWD 20""/22""",gasoline,7.4,9.7,,2497.0,2023
"GV80 개조 2.5T AWD 19"" 6/7인",gasoline,7.5,10.0,,2497.0,2023
"GV80 개조 2.5T AWD 19"" 5인 빌트인캠 장착",gasoline,7.6,10.5,,2497.0,2023
"GV80 개조 2.5T AWD 19"" 5인 빌트인캠 미장착",gasoline,7.8,10.6,,2497.0,2023
싼타페 HEV 1.6T-GDI 4WD 5인 20인치,gasoline,13.3,12.6,,1598.0,2023
싼타페 HEV 1.6T-GDI 4WD 6인 20인치,gasoline,13.3,12.6,,1598.0,2023
싼타페 HEV 1.6T-GDI 4WD 6인 18인치,gasoline,13.7,13.4,,1598.0,2023
싼타페 HEV 1.6T-GDI 2WD 5인 18인치 (빌트인캠X),gasoline,16.3,14.6,,1598.0,2023
싼타페 HEV 1.6T-GDI 2WD 6인 18인치 (빌트인캠X),gasoline,16.3,14.6,,1598.0,2023
싼타페 HEV 1.6T-GDI 2WD 5인 18인치 (빌트인캠),gasoline,15.7,14.2,,1598.0,2023
싼타페 HEV 1.6T-GDI 2WD 6인 18인치 (빌트인캠),gasoline,15.7,14.2,,1598.0,2023
싼타페 HEV 1.6T-GDI 4WD 7인 20인치,gasoline,13.3,12.6,,1598.0,2023
싼타페 HEV 1.6T-GDI 4WD 5인 18인치,gasoline,14.1,13.8,,1598.0,2023
싼타페 HEV 1.6T-GDI 4WD 7인 18인치,gasoline,13.7,13.4,,1598.0,2023
싼타페 HEV 1.6T-GDI 2WD 7인 18인치 (빌트인캠X),gasoline,16.3,14.6,,1598.0,2023
싼타페 HEV 1.6T-GDI 2WD 7인 18인치 (빌트인캠),gasoline,15.7,14.2,,1598.0,2023
G80 Electrified 24MY,electric,4.5,4.1,427.0,,2023
싼타페(MX5) 2.5T-GDI 2WD 6/7인 20인치타이어,gasoline,8.8,12.0,,2497.0,2023
싼타페(MX5) 2.5T-GDI AWD 7인 20인치타이어,gasoline,8.2,11.3,,2497.0,2023
싼타페(MX5) 2.5T-GDI AWD 5/6인 20인치타이어,gasoline,8.5,11.6,,2497.0,2023
아이오닉5 N,electric,4.0,3.4,351.0,,2023
싼타페(MX5) 2.5T-GDI 2WD 7인 18인치(빌트인캠),gasoline,9.1,12.8,,2497.0,2023
싼타페(MX5) 2.5T-GDI 2WD 5/6/7인 21인치타이어,gasoline,8.8,12.0,,2497.0,2023
싼타페(MX5) 2.5T-GDI 2WD 5인 20인치타이어,gasoline,9.2,12.5,,2497.0,2023
싼타페(MX5) 2.5T-GDI 2WD 7인 18인치타이어,gasoline,9.3,12.9,,2497.0,2023
싼타페(MX5) 2.5T-GDI 2WD 5/6인 18인치(빌트인캠),gasoline,9.4,13.2,,2497.0,2023
싼타페(MX5) 2.5T-GDI 2WD 5/6인 18인치타이어,gasoline,9.6,13.4,,2497.0,2023
싼타페(MX5) 2.5T-GDI AWD 6/7인 21인치타이어,gasoline,8.2,11.3,,2497.0,2023
싼타페(MX5) 2.5T-GDI AWD 5인 21인치타이어,gasoline,8.5,11.6,,2497.0,2023
싼타페(MX5) 2.5T-GDI AWD 5/6/7인 18인치타이어,gasoline,8.8,12.2,,2497.0,2023
GV70 2.5T-GDI AWD 21인치(24MY),gasoline,8.2,10.7,,2497.0,2023
GV70 2.5T-GDI AWD 21인치 (스포츠패키지)(24MY),gasoline,8.2,10.7,,2497.0,2023
GV70 2.5T-GDI AWD 19인치(24MY),gasoline,8.5,11.5,,2497.0,2023
GV70 2.5T-GDI AWD 19인치 (스포츠패키지)(24MY),gasoline,8.5,11.5,,2497.0,2023
GV70 2.5T-GDI AWD 18인치(빌트인캠)(24MY),gasoline,8.6,11.4,,2497.0,2023
GV70 2.5T-GDI AWD 18인치(24MY),gasoline,8.7,11.5,,2497.0,2023
GV70 2.5T-GDI 2WD 21인치(24MY),gasoline,8.8,11.3,,2497.0,2023
GV70 2.5T-GDI 2WD 21인치 (스포츠패키지)(24MY),gasoline,8.8,11.3,,2497.0,2023
GV70 2.5T-GDI 2WD 19인치(24MY),gasoline,8.9,11.6,,2497.0,2023
GV70 2.5T-GDI 2WD 19인치 (스포츠패키지)(24MY),gasoline,8.9,11.6,,2497.0,2023
GV70 2.5T-GDI 2WD 18인치(빌트인캠)(24MY),gasoline,9.4,12.4,,2497.0,2023
GV70 2.5T-GDI 2WD 18인치(24MY),gasoline,9.6,12.4,,2497.0,2023
GV70 3.5T-GDI AWD 21인치[썸머](스포츠패키지)(24MY),gasoline,7.2,9.7,,3470.0,2023
GV70 3.5T-GDI AWD 21인치(24MY),gasoline,7.3,9.9,,3470.0,2023
GV70 3.5T-GDI AWD 21인치 (스포츠패키지)(24MY),gasoline,7.3,9.9,,3470.0,2023
GV70 3.5T-GDI AWD 19인치(빌트인캠)(24MY),gasoline,7.4,10.2,,3470.0,2023
GV70 3.5T-GDI AWD 19인치(24MY),gasoline,7.5,10.3,,3470.0,2023
GV70 2.2디젤 2WD 21인치(24MY),diesel,11.6,14.2,,2151.0,2023
GV70 2.2디젤 2WD 21인치 (스포츠패키지)(24MY),diesel,11.6,14.2,,2151.0,2023
GV70 2.2디젤 2WD 19인치(24MY),diesel,12.0,15.0,,2151.0,2023
GV70 2.2디젤 2WD 19인치 (스포츠패키지)(24MY),diesel,12.0,15.0,,2151.0,2023
GV70 2.2디젤 2WD 18인치 (빌트인캠)(24MY),diesel,12.2,15.5,,2151.0,2023
GV70 2.2디젤 2WD 18인치(24MY),diesel,12.4,15.5,,2151.0,2023
GV70 2.2디젤 AWD 21인치(24MY),diesel,11.0,13.6,,2151.0,2023
GV70 2.2디젤 AWD 21인치 (스포츠패키지)(24MY),diesel,11.0,13.6,,2151.0,2023
GV70 2.2디젤 AWD 19인치 (24MY),diesel,11.1,14.0,,2151.0,2023
GV70 2.2디젤 AWD 19인치 (스포츠패키지)(24MY),diesel,11.1,14.0,,2151.0,2023
GV70 2.2디젤 AWD 18인치(빌트인캠)(24MY),diesel,11.5,14.8,,2151.0,2023
GV70 2.2디젤 AWD 18인치(24MY),diesel,11.5,15.0,,2151.0,2023
아반떼(PE) N 2.0 T-GDI 6MT 19인치,gasoline,9.4,12.5,,1998.0,2023
아반떼(PE) N 2.0 T-GDI 8DCT 19인치,gasoline,8.9,12.9,,1998.0,2023
아반떼(PE) 1.6 가솔린 18인치 타이어,gasoline,12.4,15.9,,1598.0,2023
아반떼(PE) 1.6GDI하이브리드 18인치타이어,gasoline,19.0,17.9,,1580.0,2023
투싼 2.0디젤 AWD 8AT 18인치 (빌트인캠)(23),diesel,11.6,14.5,,1998.0,2023
투싼 2.0디젤 AWD 8AT 17/18인치(23),diesel,11.7,14.6,,1998.0,2023
투싼 2.0디젤 2WD 8AT 18인치(빌트인캠)(23),diesel,12.6,16.3,,1998.0,2023
투싼 2.0디젤 2WD 8AT 18인치(23),diesel,12.8,16.3,,1998.0,2023
투싼 2.0디젤 2WD 8AT 17인치(23),diesel,13.0,16.8,,1998.0,2023
투싼 1.6T-GDI 2WD 7DCT 18인치 (빌트인캠)(23),gasoline,11.3,13.6,,1598.0,2023
투싼 1.6T-GDI 2WD 7DCT 17/18인치(23),gasoline,11.5,13.8,,1598.0,2023
투싼 1.6T-GDI AWD 7DCT 18인치 (빌트인캠)(23),gasoline,10.5,12.4,,1598.0,2023
투싼 1.6T-GDI AWD 7DCT 17/18인치(23),gasoline,10.8,12.7,,1598.0,2023
투싼 1.6T-GDI 하이브리드 6AT (빌트인캠) (23),gasoline,16.3,15.2,,1598.0,2023
투싼 1.6T-GDI 하이브리드 6AT (23),gasoline,16.9,15.3,,1598.0,2023
투싼 1.6T-GDI 하이브리드 6AT 19인치 (빌트인캠)(23),gasoline,16.0,14.5,,1598.0,2023
투싼 1.6T-GDI 하이브리드 6AT 19인치 (23),gasoline,16.7,14.8,,1598.0,2023
투싼 1.6T-GDI HEV 6AT 4WD 17/18인치 빌트인캠 (23),gasoline,15.2,14.6,,1598.0,2023
투싼 1.6T-GDI HEV 6AT 4WD 17/18인치 (23),gasoline,16.0,14.6,,1598.0,2023
투싼 1.6T-GDI HEV 6AT 4WD 19인치 빌트인캠 (23),gasoline,14.9,14.5,,1598.0,2023
투싼 1.6T-GDI HEV 6AT 4WD 19인치 (23),gasoline,15.6,14.6,,1598.0,2023
팰리세이드(PE) 2.2 디젤 2WD 7인 20인치(24MY),diesel,11.0,13.5,,2199.0,2023
팰리세이드(PE) 2.2 디젤 2WD 8인 20인치(24MY),diesel,11.0,13.5,,2199.0,2023
팰리세이드(PE) 2.2 디젤 AWD 7인 20인치(24MY),diesel,10.4,12.8,,2199.0,2023
팰리세이드(PE) 2.2 디젤 AWD 8인 20인치(24MY),diesel,10.4,12.8,,2199.0,2023
팰리세이드(PE) 3.8GDI 2WD 7인 20인치(24MY),gasoline,8.0,10.7,,3778.0,2023
팰리세이드(PE) 3.8GDI 2WD 8인 20인치(24MY),gasoline,8.0,10.7,,3778.0,2023
팰리세이드(PE) 3.8GDI AWD 7인 20인치(24MY),gasoline,7.6,10.0,,3778.0,2023
팰리세이드(PE) 3.8GDI AWD 8인 20인치(24MY),gasoline,7.6,10.0,,3778.0,2023
쏘나타(DN8) 개조 2.0GDI 하이브리드_18인치타이어,gasoline,16.8,17.4,,1999.0,2023
쏘나타(DN8) 개조 2.0GDI 하이브리드_17인치타이어,gasoline,18.0,17.6,,1999.0,2023
쏘나타(DN8) 개조 2.0GDI 하이브리드_16인치타이어,gasoline,19.8,18.9,,1999.0,2023
쏘나타(DN8)개조 2.0GDI 하이브리드 16인치(빌트인캠),gasoline,18.7,18.8,,1999.0,2023
G70(IK PE2) 2.5T-GDI S/B AWD 19인치(썸머),gasoline,8.6,11.4,,2497.0,2023
G70(IK PE2) 2.5T-GDI S/B AWD 19인치(올시즌),gasoline,8.9,11.5,,2497.0,2023
G70(IK PE2) 2.5T-GDI S/B AWD 18인치(빌트인캠),gasoline,9.0,11.6,,2497.0,2023
G70(IK PE2) 2.5T-GDI S/B AWD 18인치,gasoline,9.1,11.7,,2497.0,2023
G70(IK PE2) 2.5T-GDI S/B 2WD 19인치(썸머),gasoline,9.3,12.3,,2497.0,2023
G70(IK PE2) 2.5T-GDI S/B 2WD 19인치(올시즌),gasoline,9.5,12.5,,2497.0,2023
G70(IK PE2) 2.5T-GDI S/B 2WD 18인치(빌트인캠),gasoline,9.6,12.6,,2497.0,2023
G70(IK PE2) 2.5T-GDI S/B 2WD 18인치,gasoline,9.7,12.7,,2497.0,2023
G70(IK PE2) 2.5T-GDI AWD 19인치(썸머),gasoline,8.9,12.0,,2497.0,2023
G70(IK PE2) 2.5T-GDI 2WD 19인치(올시즌),gasoline,9.6,12.8,,2497.0,2023
G70(IK PE2) 2.5T-GDI AWD 18인치(빌트인캠),gasoline,9.4,12.2,,2497.0,2023
G70(IK PE2) 2.5T-GDI 2WD 18인치,gasoline,10.0,13.1,,2497.0,2023
G70(IK PE2) 2.5T-GDI 2WD 19인치(썸머),gasoline,9.5,12.7,,2497.0,2023
G70(IK PE2) 2.5T-GDI AWD 19인치(올시즌),gasoline,9.1,12.1,,2497.0,2023
G70(IK PE2) 2.5T-GDI 2WD 18인치(빌트인캠),gasoline,9.9,12.9,,2497.0,2023
G70(IK PE2) 2.5T-GDI AWD 18인치,gasoline,9.5,12.3,,2497.0,2023
G70(IK PE2) 3.3T-GDI AWD 19인치(썸머),gasoline,7.5,10.0,,3342.0,2023
G70(IK PE2) 3.3T-GDI AWD 19인치(올시즌),gasoline,7.8,10.6,,3342.0,2023
G70(IK PE2) 3.3T-GDI 2WD 19인치(썸머),gasoline,8.1,10.7,,3342.0,2023
G70(IK PE2) 3.3T-GDI 2WD 19인치(올시즌),gasoline,8.3,11.0,,3342.0,2023
G70(IK PE2) 3.3T-GDI AWD 19인치(썸머)_SP,gasoline,7.5,10.0,,3342.0,2023
G70(IK PE2) 3.3T-GDI AWD 19인치(올시즌)_SP,gasoline,7.8,10.6,,3342.0,2023
G70(IK PE2) 3.3T-GDI 2WD 19인치(썸머)_SP,gasoline,8.1,10.7,,3342.0,2023
G70(IK PE2) 3.3T-GDI 2WD 19인치(올시즌)_SP,gasoline,8.3,11.0,,3342.0,2023
쏘나타(DN8) 개조 2.0CVVL_18인치 타이어,gasoline,10.7,14.1,,1999.0,2023
쏘나타(DN8) 개조 2.0CVVL_19인치 타이어,gasoline,10.5,13.6,,1999.0,2023
쏘나타(DN8) 개조 2.0CVVL_17인치 타이어,gasoline,11.2,14.8,,1999.0,2023
쏘나타(DN8) 개조 2.0CVVL_17인치 타이어(빌트인캠),gasoline,10.9,14.5,,1999.0,2023
쏘나타(DN8) 개조 2.0CVVL_17인치 타이어 non-ISG,gasoline,10.9,14.7,,1999.0,2023
쏘나타(DN8) 개조 2.5 T-GDI_19인치타이어,gasoline,9.4,14.1,,2497.0,2023
쏘나타(DN8) 개조 1.6 T-GDI 19인치타이어,gasoline,10.4,14.9,,1598.0,2023
쏘나타(DN8) 개조 1.6 T-GDI_18인치타이어,gasoline,11.4,15.5,,1598.0,2023
쏘나타(DN8) 개조 1.6 T-GDI 17인치타이어(빌트인캠),gasoline,11.6,15.7,,1598.0,2023
쏘나타(DN8) 개조 1.6 T-GDI 17인치타이어,gasoline,11.9,15.9,,1598.0,2023
코나(SX2) 일렉트릭(항속형) 17인치,electric,6.1,5.0,417.0,,2023
코나(SX2) 일렉트릭(항속형) 19인치,electric,5.2,4.4,368.0,,2023
아반떼(PE) 1.6GDI하이브리드 16인치 타이어,gasoline,21.4,20.7,,1580.0,2023
아반떼(PE) 1.6GDI하이브리드 16인치타이어(빌트인캠),gasoline,20.9,20.8,,1580.0,2023
아반떼(PE) 1.6GDI하이브리드 17인치타이어,gasoline,19.5,18.8,,1580.0,2023
아반떼(PE) 1.6GDI하이브리드 17인치타이어(빌트인캠),gasoline,19.0,18.8,,1580.0,2023
코나(SX2) 일렉트릭(기본형) 17인치,electric,6.1,4.8,311.0,,2023
코나(SX2) 일렉트릭(항속형) 17인치(빌트인캠),electric,6.1,5.0,415.0,,2023
아반떼(PE) 1.6 가솔린 15인치 타이어,gasoline,13.7,17.7,,1598.0,2023
아반떼(PE) 1.6 가솔린 16인치 타이어(빌트인캠),gasoline,13.1,16.9,,1598.0,2023
아반떼(PE) 1.6 가솔린 16인치 타이어,gasoline,13.3,17.0,,1598.0,2023
아반떼(PE) 1.6 가솔린 17인치 타이어,gasoline,12.9,16.4,,1598.0,2023
코나(SX2) 1.6GDI 하이브리드 17인치(빌트인캠),gasoline,19.4,18.2,,1580.0,2023
코나(SX2) 1.6GDI 하이브리드 18인치,gasoline,18.6,17.5,,1580.0,2023
코나(SX2) 1.6GDI 하이브리드 17인치,gasoline,20.8,18.6,,1580.0,2023
코나(SX2) 2.0 가솔린 2WD 18/19인치,gasoline,11.8,14.7,,1999.0,2023
코나(SX2) 2.0 가솔린 2WD 17인치,gasoline,12.6,15.0,,1999.0,2023
코나(SX2) 1.6T-GDI 4WD 18/19인치,gasoline,10.0,13.1,,1598.0,2023
코나(SX2) 1.6T-GDI 4WD 17인치,gasoline,10.3,14.0,,1598.0,2023
코나(SX2) 1.6T-GDI 2WD 17인치,gasoline,11.5,15.5,,1598.0,2023
코나(SX2) 1.6T-GDI 2WD 18/19인치,gasoline,10.8,14.3,,1598.0,2023
G90 e-S/C 3.5T-GDI(LONGWHEELBASE)AWD5인20인치(HDP),gasoline,7.0,9.9,,3470.0,2023
G90 e-S/C 3.5T-GDI 2WD 5인 20인치(HDP),gasoline,7.6,10.8,,3470.0,2023
G90 e-S/C 3.5T-GDI 2WD 5인 21인치(HDP),gasoline,7.3,10.4,,3470.0,2023
G90 e-S/C 3.5T-GDI AWD 5인 20인치(HDP),gasoline,7.1,10.0,,3470.0,2023
G90 e-S/C 3.5T-GDI AWD 4인 20인치(HDP),gasoline,7.1,10.0,,3470.0,2023
G90 e-S/C 3.5T-GDI AWD 5인 21인치(HDP),gasoline,7.1,10.0,,3470.0,2023
G90 3.5T-GDI 2WD 4인 19인치(HDP),gasoline,7.7,10.6,,3470.0,2023
G90 3.5T-GDI 2WD 5인 20인치(HDP),gasoline,7.7,10.6,,3470.0,2023
G90 3.5T-GDI AWD 5인 19인치(HDP),gasoline,7.0,9.7,,3470.0,2023
G90 3.5T-GDI AWD 4인 19인치(HDP),gasoline,7.0,9.7,,3470.0,2023
G90 3.5T-GDI AWD 5인 20인치(HDP),gasoline,7.0,9.7,,3470.0,2023
G90 e-S/C 3.5T-GDI(LONGWHEELBASE)AWD4인20인치(HDP),gasoline,7.0,9.9,,3470.0,2023
G90 e-S/C 3.5T-GDI 2WD 4인 20인치(HDP),gasoline,7.6,10.8,,3470.0,2023
G90 e-S/C 3.5T-GDI 2WD 4인 21인치(HDP),gasoline,7.3,10.4,,3470.0,2023
G90 e-S/C 3.5T-GDI AWD 4인 21인치(HDP),gasoline,7.1,10.0,,3470.0,2023
G90 3.5T-GDI 2WD 5인 19인치(HDP),gasoline,7.9,11.3,,3470.0,2023
G90 3.5T-GDI 2WD 4인 20인치(HDP),gasoline,7.7,10.6,,3470.0,2023
G90 3.5T-GDI AWD 4인 20인치(HDP),gasoline,7.0,9.7,,3470.0,2023
그랜저 1.6T-GDI 하이브리드 6AT 20인치,gasoline,15.4,15.9,,1598.0,2023
그랜저 1.6T-GDI 하이브리드 6AT 19인치,gasoline,16.6,16.8,,1598.0,2023
그랜저 1.6T-GDI 하이브리드 6AT 18인치,gasoline,18.0,17.9,,1598.0,2023
그랜저(GN7) 2.5 GDI 20인치,gasoline,9.6,13.8,,2497.0,2022
그랜저(GN7) 2.5 GDI 19인치,gasoline,9.8,14.2,,2497.0,2022
그랜저(GN7) 2.5 GDI 18인치,gasoline,10.0,14.5,,2497.0,2022
그랜저(GN7) 3.5 GDI AWD 20인치,gasoline,7.7,11.2,,3470.0,2022
그랜저(GN7) 3.5 GDI AWD 19인치,gasoline,7.9,11.5,,3470.0,2022
그랜저(GN7) 3.5 GDI AWD 18인치,gasoline,8.2,11.7,,3470.0,2022
그랜저(GN7) 3.5 GDI 2WD 20인치,gasoline,8.3,12.2,,3470.0,2022
그랜저(GN7) 3.5 GDI 2WD 19인치,gasoline,8.5,13.0,,3470.0,2022
그랜저(GN7) 3.5 GDI 2WD 18인치,gasoline,8.7,13.4,,3470.0,2022
아이오닉6 항속형 AWD 20인치,electric,5.2,4.4,420.0,,2022
아이오닉6 항속형 AWD 18인치,electric,5.9,5.2,484.0,,2022
아이오닉6 항속형 RWD 20인치,electric,5.7,4.6,452.0,,2022
아이오닉6 항속형 RWD 18인치,electric,6.5,5.5,524.0,,2022
아이오닉6 기본형 RWD 18인치,electric,6.8,5.5,367.0,,2022
쏘나타(DN8) 1.6 T-GDI 19인치 23MY,gasoline,11.2,14.1,,1598.0,2022
쏘나타(DN8) 2.0CVVL_19인치타이어_23MY,gasoline,10.5,13.5,,1999.0,2022
투싼 1.6T-GDI HEV 6AT 4WD 17/18인치,gasoline,16.0,14.6,,1598.0,2022
투싼 1.6T-GDI HEV 6AT 4WD 19인치,gasoline,15.6,14.6,,1598.0,2022
투싼 1.6T-GDI HEV 6AT 4WD 17/18인치 빌트인캠,gasoline,15.2,14.6,,1598.0,2022
투싼 1.6T-GDI HEV 6AT 4WD 19인치 빌트인캠,gasoline,14.9,14.5,,1598.0,2022
G70 슈팅브레이크 2.0T-GDI AWD 19인치(올시즌)_SP,gasoline,8.4,10.8,,1998.0,2022
G70 슈팅브레이크 2.0T-GDI AWD 19인치(썸머)_SP,gasoline,8.3,10.5,,1998.0,2022
G70 슈팅브레이크 2.0T-GDI 2WD 19인치(올시즌)_SP,gasoline,9.1,11.9,,1998.0,2022
G70 슈팅브레이크 2.0T-GDI 2WD 19인치(썸머)_SP,gasoline,8.9,11.4,,1998.0,2022
G70 슈팅브레이크 2.0T-GDI AWD 19인치(올시즌),gasoline,8.4,10.8,,1998.0,2022
G70 슈팅브레이크 2.0T-GDI AWD 19인치(썸머),gasoline,8.3,10.5,,1998.0,2022
G70 슈팅브레이크 2.0T-GDI 2WD 19인치(올시즌),gasoline,9.1,11.9,,1998.0,2022
G70 슈팅브레이크 2.0T-GDI 2WD 19인치(썸머),gasoline,8.9,11.4,,1998.0,2022
G70 슈팅브레이크 2.0T-GDI AWD 18인치타이어,gasoline,8.7,11.3,,1998.0,2022
G70 슈팅브레이크 2.0T-GDI AWD 18인치(빌트인캠),gasoline,8.6,11.0,,1998.0,2022
G70 슈팅브레이크 2.0T-GDI 2WD 18인치타이어,gasoline,9.2,12.2,,1998.0,2022
G70 슈팅브레이크2.0T-GDI 2WD 18인치(빌트인캠),gasoline,9.0,12.1,,1998.0,2022
팰리세이드(PE) 2.2 디젤 AWD 7인 20인치,diesel,10.4,12.8,,2199.0,2022
팰리세이드(PE) 2.2 디젤 AWD 7인 18인치,diesel,10.7,13.2,,2199.0,2022
팰리세이드(PE) 2.2 디젤 2WD 7인 20인치,diesel,11.0,13.5,,2199.0,2022
팰리세이드(PE) 2.2 디젤 2WD 7인 18인치,diesel,11.3,14.1,,2199.0,2022
팰리세이드(PE) 2.2 디젤 2WD 7인 18인치(빌트인캠),diesel,11.0,13.9,,2199.0,2022
팰리세이드(PE) 2.2 디젤 2WD 8인 18인치(빌트인캠),diesel,11.0,13.9,,2199.0,2022
팰리세이드(PE) 2.2 디젤 2WD 8인 18인치,diesel,11.3,14.1,,2199.0,2022
팰리세이드(PE) 2.2 디젤 2WD 8인 20인치,diesel,11.0,13.5,,2199.0,2022
팰리세이드(PE) 2.2 디젤 AWD 8인 18인치,diesel,10.7,13.2,,2199.0,2022
팰리세이드(PE) 2.2 디젤 AWD 8인 20인치,diesel,10.4,12.8,,2199.0,2022
팰리세이드(PE) 3.8GDI AWD 7인 20인치,gasoline,7.6,10.0,,3778.0,2022
팰리세이드(PE) 3.8GDI AWD 7인 18인치,gasoline,7.7,10.3,,3778.0,2022
팰리세이드(PE) 3.8GDI 2WD 7인 20인치,gasoline,8.0,10.7,,3778.0,2022
팰리세이드(PE) 3.8GDI 2WD 7인 18인치,gasoline,8.3,10.9,,3778.0,2022
팰리세이드(PE) 3.8GDI AWD 8인 20인치,gasoline,7.6,10.0,,3778.0,2022
팰리세이드(PE) 3.8GDI AWD 8인 18인치,gasoline,7.7,10.3,,3778.0,2022
팰리세이드(PE) 3.8GDI 2WD 8인 20인치,gasoline,8.0,10.7,,3778.0,2022
팰리세이드(PE) 3.8GDI 2WD 8인 18인치,gasoline,8.3,10.9,,3778.0,2022
아반떼 1.6 T-GDI 6MT 18인치 타이어(22MY),gasoline,11.1,14.0,,1598.0,2022
아반떼 1.6 T-GDI 7DCT 18인치 타이어(22MY),gasoline,11.5,14.7,,1598.0,2022
아반떼 1.6GDI 하이브리드 (17“타이어)(22MY),gasoline,20.3,18.6,,1580.0,2022
아반떼 1.6GDI 하이브리드 (16“타이어)(22MY),gasoline,21.4,20.7,,1580.0,2022
아반떼 1.6 가솔린 16인치 타이어(22MY),gasoline,13.3,17.3,,1598.0,2022
아반떼 1.6 가솔린 15인치 타이어(22MY),gasoline,13.8,17.7,,1598.0,2022
포터2.5디젤 덤프4X4장축 슈퍼캡(MT)(22),diesel,8.5,9.2,,2497.0,2022
GV70 Electrified 무선충전,electric,4.6,3.8,367.0,,2022
아이오닉5 항속형 4WD 19인치 (77.4kWh),electric,5.3,4.2,417.0,,2022
아이오닉5 항속형 4WD 20인치 (77.4kWh),electric,4.9,3.9,387.0,,2022
G90 e-S/C 3.5T-GDI(LONG WHEEL BASE) AWD 5인 20인치,gasoline,7.1,10.0,,3470.0,2022
아이오닉5 항속형 RWD 19인치 (77.4kWh),electric,5.9,4.5,458.0,,2022
아이오닉5 항속형 RWD 19인치 빌트인캠 (77.4kWh),electric,5.8,4.4,450.0,,2022
아이오닉5 항속형 RWD 20인치 (77.4kWh),electric,5.4,4.2,420.0,,2022
G90 e-S/C 3.5T-GDI(LONG WHEEL BASE) AWD 4인 20인치,gasoline,7.1,10.0,,3470.0,2022
캐스퍼 1.0 가솔린 15인치타이어_밴형,gasoline,13.4,15.5,,998.0,2022
캐스퍼 1.0T-GDI 4AT 15인치_밴형,gasoline,11.3,15.2,,998.0,2022
GV70 2.2디젤 AWD 21인치(22),diesel,11.0,13.6,,2151.0,2022
GV70 2.2디젤 AWD 19인치(22),diesel,11.1,14.0,,2151.0,2022
GV70 2.2디젤 2WD 21인치(22),diesel,11.6,14.2,,2151.0,2022
GV70 2.2디젤 2WD 19인치(22),diesel,12.0,15.0,,2151.0,2022
GV70 2.2디젤 AWD 21인치 (스포츠패키지)(22),diesel,11.0,13.6,,2151.0,2022
GV70 2.2디젤 AWD 19인치 (스포츠패키지)(22),diesel,11.1,14.0,,2151.0,2022
GV70 2.2디젤 AWD 18인치(빌트인캠)(22),diesel,11.5,14.9,,2151.0,2022
GV70 2.2디젤 AWD 18인치(22),diesel,11.6,15.1,,2151.0,2022
GV70 2.2디젤 2WD 21인치 (스포츠패키지)(22),diesel,11.6,14.2,,2151.0,2022
GV70 2.2디젤 2WD 19인치 (스포츠패키지)(22),diesel,12.0,15.0,,2151.0,2022
GV70 2.2디젤 2WD 18인치 (빌트인캠)(22),diesel,12.2,15.5,,2151.0,2022
GV70 2.2디젤 2WD 18인치(22),diesel,12.4,15.5,,2151.0,2022
GV70 Electrified 19인치,electric,5.0,4.1,400.0,,2022
GV70 Electrified 20인치,electric,4.7,3.9,373.0,,2022
GV80 3.0디젤 AWD 5인 19인치(22),diesel,9.5,12.8,,2996.0,2022
GV80 3.0디젤 AWD 6인 19인치(22),diesel,9.5,12.8,,2996.0,2022
GV80 3.0디젤 AWD 7인 20인치(22),diesel,9.4,12.2,,2996.0,2022
GV80 3.0디젤 AWD 6인 22인치(22),diesel,9.2,12.0,,2996.0,2022
GV80 3.0디젤 AWD 6인 20인치(22),diesel,9.4,12.2,,2996.0,2022
GV80 3.0디젤 2WD 6인(22),diesel,9.9,12.9,,2996.0,2022
GV80 3.0디젤 AWD 7인 19인치(22),diesel,9.5,12.8,,2996.0,2022
GV80 3.0디젤 AWD 7인 22인치(22),diesel,9.2,12.0,,2996.0,2022
GV80 3.0디젤 AWD 5인 (20인치/22인치)(22),diesel,9.4,12.2,,2996.0,2022
GV80 3.0디젤 2WD 7인(22),diesel,9.9,12.9,,2996.0,2022
GV80 3.0디젤 2WD 5인 (20인치/22인치)(22),diesel,10.2,13.6,,2996.0,2022
GV80 3.0디젤 2WD 5인 19인치(22),diesel,10.4,13.7,,2996.0,2022
투싼 2.0디젤 AWD 8AT 19인치(22),diesel,11.4,13.8,,1998.0,2022
투싼 2.0디젤 2WD 8AT 19인치(22),diesel,12.5,15.7,,1998.0,2022
G90 e-S/C 3.5T-GDI 2WD 5인 20인치,gasoline,7.8,11.2,,3470.0,2023
G90 e-S/C 3.5T-GDI 2WD 5인 20인치(빌트인캠),gasoline,7.8,11.2,,3470.0,2023
G90 e-S/C 3.5T-GDI 2WD 5인 21인치,gasoline,7.6,10.8,,3470.0,2023
G90 e-S/C 3.5T-GDI AWD 5인 20인치,gasoline,7.3,10.3,,3470.0,2023
G90 e-S/C 3.5T-GDI AWD 5인 21인치,gasoline,7.2,10.1,,3470.0,2023
G90 3.5T-GDI 2WD 5인 20인치,gasoline,7.7,10.8,,3470.0,2022
G90 3.5T-GDI AWD 5인 19인치,gasoline,7.4,10.3,,3470.0,2022
G90 3.5T-GDI AWD 5인 20인치,gasoline,7.2,10.1,,3470.0,2022
투싼 2.0디젤 AWD 8AT 19인치 (빌트인캠)(22),diesel,11.4,13.8,,1998.0,2022
투싼 2.0디젤 AWD 8AT 18인치 (빌트인캠) (22),diesel,11.6,14.5,,1998.0,2022
투싼 2.0디젤 AWD 8AT 17/18인치(22),diesel,11.7,14.6,,1998.0,2022
투싼 2.0디젤 2WD 8AT 19인치(빌트인캠)(22),diesel,12.5,15.7,,1998.0,2022
투싼 2.0디젤 2WD 8AT 18인치(빌트인캠)(22),diesel,12.6,16.3,,1998.0,2022
투싼 2.0디젤 2WD 8AT 18인치(22),diesel,12.8,16.3,,1998.0,2022
투싼 2.0디젤 2WD 8AT 17인치(22),diesel,13.0,16.8,,1998.0,2022
G90 e-S/C 3.5T-GDI 2WD 4인 20인치,gasoline,7.8,11.2,,3470.0,2023
G90 e-S/C 3.5T-GDI 2WD 4인 20인치(빌트인캠),gasoline,7.8,11.2,,3470.0,2023
G90 e-S/C 3.5T-GDI 2WD 4인 21인치,gasoline,7.6,10.8,,3470.0,2023
G90 e-S/C 3.5T-GDI AWD 4인 20인치,gasoline,7.3,10.3,,3470.0,2023
G90 e-S/C 3.5T-GDI AWD 4인 21인치,gasoline,7.2,10.1,,3470.0,2023
G90 3.5T-GDI 2WD 5인 19인치,gasoline,8.0,11.5,,3470.0,2022
G90 3.5T-GDI 2WD 5인 19인치(빌트인캠),gasoline,8.0,11.5,,3470.0,2022
G90 3.5T-GDI 2WD 4인 19인치,gasoline,7.8,11.1,,3470.0,2022
G90 3.5T-GDI 2WD 4인 20인치,gasoline,7.7,10.8,,3470.0,2022
G90 3.5T-GDI AWD 4인 19인치,gasoline,7.4,10.3,,3470.0,2022
G90 3.5T-GDI AWD 4인 20인치,gasoline,7.2,10.1,,3470.0,2022
"싼타페 1.6T-GDI HEV AWD 5인 19""타이어(22MY)",gasoline,13.8,12.3,,1598.0,2022
"싼타페 1.6T-GDI HEV AWD 6인 19""타이어(22MY)",gasoline,13.8,12.3,,1598.0,2022
"싼타페 1.6T-GDI HEV AWD 7인 19""타이어(22MY)",gasoline,13.8,12.3,,1598.0,2022
"싼타페 1.6T-GDI HEV AWD 5인 17""타이어(22MY)",gasoline,14.0,12.6,,1598.0,2022
"싼타페 1.6T-GDI HEV AWD 6인 17""타이어(22MY)",gasoline,14.0,12.6,,1598.0,2022
"싼타페 1.6T-GDI HEV AWD 7인 17""타이어(22MY)",gasoline,14.0,12.6,,1598.0,2022
"싼타페 1.6T-GDI HEV 2WD 5인 19""타이어(22MY)",gasoline,15.2,13.3,,1598.0,2022
"싼타페 1.6T-GDI HEV 2WD 6인 19""타이어(22MY)",gasoline,15.2,13.3,,1598.0,2022
"싼타페 1.6T-GDI HEV 2WD 7인 19""타이어(22MY)",gasoline,15.2,13.3,,1598.0,2022
"싼타페 1.6T-GDI HEV 2WD 5인 17""타이어(22MY)",gasoline,16.4,14.0,,1598.0,2022
"싼타페 1.6T-GDI HEV 2WD 5인 17""(빌트인캠)(22MY)",gasoline,16.1,13.8,,1598.0,2022
"싼타페 1.6T-GD HEV 2WD 6인 17""(빌트인캠)(22MY)",gasoline,16.1,13.8,,1598.0,2022
"싼타페 1.6T-GDI HEV 2WD 6인 17""타이어(22MY)",gasoline,16.4,14.0,,1598.0,2022
"싼타페 1.6T-GDI HEV 2WD 7인 17""타이어(22MY)",gasoline,16.4,14.0,,1598.0,2022
"싼타페 1.6T-GDI HEV 2WD 7인 17""(빌트인캠)(22MY)",gasoline,16.1,13.8,,1598.0,2022
싼타페(개조) 2.5T-GDI AWD 6인 20인치(22MY),gasoline,8.6,10.9,,2497.0,2022
싼타페(개조) 2.5T-GDI AWD 6인 18인치(22MY),gasoline,8.9,11.4,,2497.0,2022
싼타페(개조) 2.5T-GDI 2WD 6인 20인치(22MY),gasoline,9.2,11.5,,2497.0,2022
싼타페(개조)2.5T-GDI 2WD 6인 18인치(빌트인캠)_22MY,gasoline,9.3,12.2,,2497.0,2022
싼타페(개조) 2.5T-GDI 2WD 6인 18인치(22MY),gasoline,9.4,12.2,,2497.0,2022
포터 2.5디젤 초장축 표준캡 MT(22),diesel,9.2,10.0,,2497.0,2022
포터 2.5디젤 초장축 표준캡 AT(22),diesel,8.5,9.3,,2497.0,2022
포터 2.5디젤 4X4장축 표준캡(22),diesel,8.6,9.6,,2497.0,2022
싼타페 2.2디젤 AWD 5인 20인치(22),diesel,11.7,14.4,,2151.0,2022
싼타페 2.2디젤 AWD 6인 20인치(22),diesel,11.7,14.4,,2151.0,2022
싼타페 2.2디젤 AWD 5인 18인치(빌트인캠)(22),diesel,11.8,15.2,,2151.0,2022
싼타페 2.2디젤 AWD 6인 18인치(22),diesel,11.8,15.2,,2151.0,2022
싼타페 2.2디젤 2WD 5인 20인치(22),diesel,12.5,15.3,,2151.0,2022
싼타페 2.2디젤 2WD 6인 20인치(22),diesel,12.5,15.3,,2151.0,2022
싼타페 2.2디젤 2WD 5인 18인치(빌트인캠)(22),diesel,12.7,15.8,,2151.0,2022
싼타페 2.2디젤 2WD 6인 18인치(빌트인캠)(22),diesel,12.7,15.8,,2151.0,2022
싼타페 2.2디젤 2WD 5인 18인치(22),diesel,12.8,16.0,,2151.0,2022
싼타페 2.2디젤 2WD 6인 18인치(22),diesel,12.8,16.0,,2151.0,2022
싼타페 2.2디젤 AWD 7인 20인치(22),diesel,11.7,14.4,,2151.0,2022
싼타페 2.2디젤 AWD 7인 18인치(22),diesel,11.8,15.2,,2151.0,2022
싼타페 2.2디젤 AWD 5인 18인치(22),diesel,12.3,15.4,,2151.0,2022
싼타페 2.2디젤 2WD 7인 20인치(22),diesel,12.5,15.3,,2151.0,2022
싼타페 2.2디젤 2WD 7인 18인치(빌트인캠)(22),diesel,12.7,15.8,,2151.0,2022
싼타페 2.2디젤 2WD 7인 18인치(22),diesel,12.8,16.0,,2151.0,2022
포터 2.5디젤 초장축 슈퍼캡 MT(22),diesel,9.2,10.0,,2497.0,2022
포터 2.5디젤 초장축 더블캡 MT(22),diesel,8.9,9.9,,2497.0,2022
포터 2.5디젤 초장축 슈퍼캡 AT(22),diesel,8.5,9.3,,2497.0,2022
포터 2.5디젤 초장축 더블캡 AT(22),diesel,8.2,9.4,,2497.0,2022
포터 2.5디젤 4X4장축 슈퍼캡(22),diesel,8.6,9.6,,2497.0,2022
포터 2.5디젤 4X4장축 더블캡(22),diesel,8.2,9.1,,2497.0,2022
포터 일렉트릭 22MY,electric,3.6,2.7,211.0,,2022
스타리아 어린이통학차 2.2디젤 4WD 11인 (17인치),diesel,8.7,10.3,,2199.0,2021
스타리아 어린이통학차 2.2디젤 4WD 11인 (18인치),diesel,8.7,10.3,,2199.0,2021
GV60 4WD 무선충전,electric,4.4,3.8,361.0,,2021
GV60 성능형 4WD 무선충전,electric,4.2,3.7,350.0,,2021
스타리아 라운지 리무진 2.2디젤 2WD 7인,diesel,8.9,11.7,,2199.0,2021
스타리아 라운지 리무진 2.2디젤 4WD 7인,diesel,8.4,10.9,,2199.0,2021
스타리아 어린이통학차 2.2디젤 2WD 11인,diesel,9.2,11.4,,2199.0,2021
스타리아 어린이통학차 2.2디젤 2WD 14인,diesel,9.2,11.4,,2199.0,2021
스타리아 라운지 리무진 2.2디젤 2WD 9인,diesel,8.9,11.7,,2199.0,2021
스타리아 라운지 리무진 2.2디젤 4WD 9인,diesel,8.4,10.9,,2199.0,2021
GV80(22MY) 3.0디젤 AWD 5인 19인치타이어,diesel,9.8,12.6,,2996.0,2021
GV80(22MY) 3.0디젤 AWD 6인 19인치타이어,diesel,9.8,12.6,,2996.0,2021
GV80(22MY) 3.0디젤 AWD 7인 19인치타이어,diesel,9.8,12.6,,2996.0,2021
GV80(22MY) 3.0디젤 AWD 6인 22인치 타이어,diesel,9.4,11.7,,2996.0,2021
GV80(22MY) 3.0디젤 AWD 7인 22인치 타이어,diesel,9.4,11.7,,2996.0,2021
GV80(22MY) 3.0디젤 AWD 6인 20인치타이어,diesel,9.7,11.9,,2996.0,2021
GV80(22MY) 3.0디젤 AWD 7인 20인치타이어,diesel,9.7,11.9,,2996.0,2021
GV80(22MY) 3.0디젤 AWD 5인 20인치타이어,diesel,9.7,11.9,,2996.0,2021
GV80(22MY) 3.0디젤 AWD 5인 22인치타이어,diesel,9.7,11.9,,2996.0,2021
GV80(22MY) 3.0디젤 2WD 5인 19인치 타이어,diesel,10.5,13.7,,2996.0,2021
GV80(22MY) 3.0디젤 2WD 5인 20인치 타이어,diesel,10.4,13.3,,2996.0,2021
GV80(22MY) 3.0디젤 2WD 5인 22인치 타이어,diesel,10.4,13.3,,2996.0,2021
GV80(22MY) 3.0디젤 2WD 6인 19인치 타이어,diesel,10.1,12.8,,2996.0,2021
GV80(22MY) 3.0디젤 2WD 6인 20인치 타이어,diesel,10.1,12.8,,2996.0,2021
GV80(22MY) 3.0디젤 2WD 6인 22인치 타이어,diesel,10.1,12.8,,2996.0,2021
GV80(22MY) 3.0디젤 2WD 7인 19인치 타이어,diesel,10.1,12.8,,2996.0,2021
GV80(22MY) 3.0디젤 2WD 7인 20인치 타이어,diesel,10.1,12.8,,2996.0,2021
GV80(22MY) 3.0디젤 2WD 7인 22인치 타이어,diesel,10.1,12.8,,2996.0,2021
GV80(22MY) 2.5T-GDI AWD 5인 20인치타이어,gasoline,7.8,9.8,,2497.0,2021
GV80(22MY) 2.5T-GDI AWD 5인 22인치타이어,gasoline,7.8,9.8,,2497.0,2021
GV80(22MY) 2.5T-GDI AWD 5인 19인치타이어(빌트인캠),gasoline,7.9,10.0,,2497.0,2021
GV80(22MY) 2.5T-GDI AWD 6인 19인치타이어(빌트인캠),gasoline,7.9,10.0,,2497.0,2021
GV80(22MY) 2.5T-GDI AWD 7인 19인치타이어(빌트인캠),gasoline,7.9,10.0,,2497.0,2021
GV80(22MY) 2.5T-GDI AWD 5인 19인치타이어,gasoline,8.0,10.4,,2497.0,2021
GV80(22MY) 2.5T-GDI AWD 6인 19인치타이어,gasoline,8.0,10.4,,2497.0,2021
GV80(22MY) 2.5T-GDI AWD 7인 19인치타이어,gasoline,8.0,10.4,,2497.0,2021
GV80(22MY) 2.5T-GDI AWD 6인 20인치타이어,gasoline,7.6,9.8,,2497.0,2021
GV80(22MY) 2.5T-GDI AWD 6인 22인치타이어,gasoline,7.6,9.8,,2497.0,2021
GV80(22MY) 2.5T-GDI AWD 7인 20인치타이어,gasoline,7.6,9.8,,2497.0,2021
GV80(22MY) 2.5T-GDI AWD 7인 22인치타이어,gasoline,7.6,9.8,,2497.0,2021
GV80(22MY) 2.5T-GDI 2WD 5인승 19인치 타이어,gasoline,8.7,11.1,,2497.0,2021
GV80(22MY) 2.5T-GDI 2WD 5인 19인치타이어(빌트인캠),gasoline,8.5,10.9,,2497.0,2021
GV80(22MY) 2.5T-GDI 2WD 6인 19인치타이어,gasoline,8.4,10.7,,2497.0,2021
GV80(22MY) 2.5T-GDI 2WD 7인 19인치타이어,gasoline,8.4,10.7,,2497.0,2021
GV80(22MY) 2.5T-GDI 2WD 5인 20인치타이어,gasoline,8.2,10.4,,2497.0,2021
GV80(22MY) 2.5T-GDI 2WD 5인 22인치타이어,gasoline,8.2,10.4,,2497.0,2021
GV80(22MY) 2.5T-GDI 2WD 6인 20인치타이어,gasoline,8.2,10.4,,2497.0,2021
GV80(22MY) 2.5T-GDI 2WD 6인 22인치타이어,gasoline,8.2,10.4,,2497.0,2021
GV80(22MY) 2.5T-GDI 2WD 7인 20인치타이어,gasoline,8.2,10.4,,2497.0,2021
GV80(22MY) 2.5T-GDI 2WD 7인 22인치타이어,gasoline,8.2,10.4,,2497.0,2021
GV80(22MY) 3.5T-GDI AWD 5인 20인치타이어(빌트인캠),gasoline,6.9,9.1,,3470.0,2021
GV80(22MY) 3.5T-GDI AWD 5인 22인치타이어,gasoline,6.9,9.1,,3470.0,2021
GV80(22MY) 3.5T-GDI AWD 6인 20인치타이어,gasoline,6.9,9.1,,3470.0,2021
GV80(22MY) 3.5T-GDI AWD 6인 22인치타이어,gasoline,6.9,9.1,,3470.0,2021
GV80(22MY) 3.5T-GDI AWD 7인 20인치타이어,gasoline,6.9,9.1,,3470.0,2021
GV80(22MY) 3.5T-GDI AWD 7인 22인치타이어,gasoline,6.9,9.1,,3470.0,2021
GV80(22MY) 3.5T-GDI AWD 5인 20인치타이어,gasoline,7.1,9.3,,3470.0,2021
GV80(22MY) 3.5T-GDI 2WD 5인 20인치타이어,gasoline,7.7,10.1,,3470.0,2021
GV80(22MY) 3.5T-GDI 2WD 5인 20인치타이어(빌트인캠),gasoline,7.4,9.9,,3470.0,2021
GV80(22MY) 3.5T-GDI 2WD 6인 20인치타이어,gasoline,7.4,9.9,,3470.0,2021
GV80(22MY) 3.5T-GDI 2WD 7인 20인치타이어,gasoline,7.4,9.9,,3470.0,2021
GV80(22MY) 3.5T-GDI 2WD 5인 22인치타이어,gasoline,7.4,9.9,,3470.0,2021
GV80(22MY) 3.5T-GDI 2WD 6인 22인치타이어,gasoline,7.3,9.6,,3470.0,2021
GV80(22MY) 3.5T-GDI 2WD 7인 22인치타이어,gasoline,7.3,9.6,,3470.0,2021
쏘나타(DN8) 2.0CVVL 17인치 non-ISG,gasoline,10.9,14.9,,1999.0,2021
GV60 4WD 19인치,electric,4.8,4.1,400.0,,2021
GV60 4WD 20인치,electric,4.6,4.0,380.0,,2021
캐스퍼 1.0 가솔린 15인치타이어,gasoline,13.4,15.5,,998.0,2021
캐스퍼 1.0 가솔린 17인치타이어,gasoline,13.0,14.8,,998.0,2021
GV60 성능형 4WD 21인치,electric,4.3,3.8,368.0,,2021
캐스퍼 1.0T-GDI 4AT 15인치,gasoline,11.3,15.2,,998.0,2021
캐스퍼 1.0T-GDI 4AT 17인치,gasoline,11.0,14.2,,998.0,2021
GV60 RWD 19인치,electric,5.7,4.5,451.0,,2021
아이오닉5 기본형 RWD 19인치,electric,5.8,4.5,336.0,,2021
아반떼 N 2.0 T-GDI 6MT 19인치,gasoline,9.6,12.3,,1998.0,2021
아반떼 N 2.0 T-GDI 8DCT 19인치,gasoline,9.0,12.7,,1998.0,2021
투싼 1.6T-GDI 하이브리드 6AT 19인치,gasoline,16.7,14.8,,1598.0,2021
투싼 1.6T-GDI 하이브리드 6AT 19인치 (빌트인캠),gasoline,16.0,14.5,,1598.0,2021
G80 2.2디젤 AWD 19인치 (SP),diesel,11.2,15.1,,2151.0,2021
G80 2.2디젤 2WD 19인치 (SP),diesel,12.1,16.9,,2151.0,2021
G80 3.5T-GDI AWD 20인치 (SP 다이내믹),gasoline,7.2,10.2,,3470.0,2021
G80 3.5T-GDI AWD 20인치 (SP),gasoline,7.2,10.2,,3470.0,2021
G80 3.5T-GDI AWD 20인치 (22MY),gasoline,7.2,10.2,,3470.0,2021
G80 3.5T-GDI 2WD 20인치 (SP 다이내믹),gasoline,7.6,11.1,,3470.0,2021
G80 3.5T-GDI 2WD 20인치 (SP),gasoline,7.8,10.7,,3470.0,2021
G80 3.5T-GDI 2WD 20인치 (22MY),gasoline,7.8,11.2,,3470.0,2021
G80 2.5T-GDI AWD 20인치 (SP),gasoline,8.5,11.6,,2497.0,2021
G80 2.5T-GDI AWD 20인치 (22MY),gasoline,8.6,11.5,,2497.0,2021
G80 2.5T-GDI AWD 19인치 (SP),gasoline,8.7,11.6,,2497.0,2021
G80 2.5T-GDI 2WD 20인치 (SP),gasoline,9.2,12.5,,2497.0,2021
G80 2.5T-GDI 2WD 20인치 (22MY),gasoline,9.2,12.6,,2497.0,2021
G80 2.5T-GDI 2WD 19인치 (SP),gasoline,9.3,12.8,,2497.0,2021
G80 Electrified,electric,4.5,4.1,427.0,,2021
쏘나타(DN8) 2.0CVVL_17인치타이어_22MY,gasoline,11.4,14.7,,1999.0,2021
아이오닉5 기본형 RWD 19인치,electric,5.8,4.5,336.0,,2021
아이오닉5 기본형 4WD 19인치,electric,5.4,4.3,319.0,,2021
코나 N 2.0T-GDI 2WD 19인치타이어,gasoline,8.9,11.6,,1998.0,2021
쏘나타(DN8) 2.0CVVL_18인치타이어_22MY,gasoline,11.3,14.4,,1999.0,2021
"싼타페 1.6T-GDI 하이브리드 AWD 5인 19""타이어",gasoline,13.8,12.3,,1598.0,2021
"싼타페 1.6T-GDI 하이브리드 AWD 5인 17""타이어",gasoline,14.0,12.6,,1598.0,2021
"싼타페 1.6T-GDI 하이브리드 2WD 5인 19""타이어",gasoline,15.2,13.3,,1598.0,2021
"싼타페 1.6T-GDI 하이브리드 2WD 5인 17""(빌트인캠)",gasoline,16.1,13.8,,1598.0,2021
"싼타페 1.6T-GDI 하이브리드 2WD 5인 17""타이어",gasoline,16.4,14.0,,1598.0,2021
"싼타페 1.6T-GDI 하이브리드 AWD 7인 19""타이어",gasoline,13.8,12.3,,1598.0,2021
"싼타페 1.6T-GDI 하이브리드 AWD 7인 17""타이어",gasoline,14.0,12.6,,1598.0,2021
"싼타페 1.6T-GDI 하이브리드 2WD 7인 19""타이어",gasoline,15.2,13.3,,1598.0,2021
"싼타페 1.6T-GDI 하이브리드 2WD 7인 17""(빌트인캠)",gasoline,16.1,13.8,,1598.0,2021
쏘나타(DN8) 1.6 T-GDI 19인치(빌트인캠)_22MY,gasoline,11.3,14.6,,1598.0,2021
쏘나타(DN8) 1.6 T-GDI 19인치타이어_22MY,gasoline,11.3,15.1,,1598.0,2021
쏘나타(DN8) 1.6 T-GDI 17인치타이어(빌트인캠)_22MY,gasoline,12.0,16.1,,1598.0,2021
쏘나타(DN8) 1.6 T-GDI 17인치타이어_22MY,gasoline,12.3,16.2,,1598.0,2021
쏘나타(DN8) 하이브리드_17인치(빌트인캠)_22MY,gasoline,18.4,19.1,,1999.0,2021
쏘나타(DN8) 2.0GDI 하이브리드_17인치타이어_22MY,gasoline,19.0,19.1,,1999.0,2021
쏘나타(DN8) 하이브리드_18인치(빌트인캠)_22MY,gasoline,17.3,17.8,,1999.0,2021
쏘나타(DN8) 2.0GDI 하이브리드_18인치타이어_22MY,gasoline,18.1,17.8,,1999.0,2021
아이오닉5 항속형 4WD 19인치,electric,5.3,4.2,390.0,,2021
아이오닉5 항속형 4WD 20인치,electric,5.0,4.0,370.0,,2021
"싼타페 1.6T-GDI 하이브리드 2WD 7인 17""타이어",gasoline,16.4,14.0,,1598.0,2021
스타리아 2.2디젤 5밴 6MT,diesel,11.2,13.0,,2199.0,2021
스타리아 2.2디젤 3밴 6MT,diesel,11.6,13.2,,2199.0,2021
스타리아 2.2디젤 5밴 8AT (빌트인캠),diesel,10.1,12.7,,2199.0,2021
스타리아 2.2디젤 5밴 8AT,diesel,10.3,12.7,,2199.0,2021
스타리아 2.2디젤 3밴 8AT (빌트인캠),diesel,10.5,13.0,,2199.0,2021
스타리아 2.2디젤 3밴 8AT,diesel,10.6,13.1,,2199.0,2021
스타리아 2.2디젤 2WD 11인 17인치,diesel,9.8,12.5,,2199.0,2021
스타리아 2.2디젤 2WD 11인 18인치,diesel,9.7,12.4,,2199.0,2021
스타리아 2.2디젤 2WD 9인 17인치 (빌트인캠),diesel,10.1,12.5,,2199.0,2021
스타리아 2.2디젤 2WD 9인 18인치,diesel,10.1,12.5,,2199.0,2021
스타리아 라운지 2.2디젤 2WD 7인 18인치,diesel,9.8,12.2,,2199.0,2021
스타리아 라운지 2.2디젤 2WD 7인 18인치 (빌트인캠),diesel,9.8,12.2,,2199.0,2021
스타리아 2.2디젤 4WD 11인 17인치,diesel,9.4,11.6,,2199.0,2021
스타리아 2.2디젤 4WD 11인 17인치 (빌트인캠),diesel,9.4,11.6,,2199.0,2021
스타리아 2.2디젤 4WD 11인 18인치,diesel,9.4,11.6,,2199.0,2021
스타리아 2.2디젤 4WD 9인 17인치,diesel,9.2,12.0,,2199.0,2021
스타리아 2.2디젤 4WD 9인 17인치 (빌트인캠),diesel,9.2,12.0,,2199.0,2021
스타리아 2.2디젤 4WD 9인 18인치,diesel,9.2,12.0,,2199.0,2021
스타리아 2.2디젤 4WD 9인 18인치 (빌트인캠),diesel,9.2,12.0,,2199.0,2021
스타리아 라운지 2.2디젤 4WD 7인 18인치,diesel,9.2,12.0,,2199.0,2021
스타리아 라운지 2.2디젤 4WD 7인 18인치 (빌트인캠),diesel,9.2,12.0,,2199.0,2021
스타리아 라운지 2.2디젤 4WD 9인 18인치,diesel,9.2,12.0,,2199.0,2021
아이오닉5 항속형 RWD 19인치,electric,5.9,4.5,429.0,,2021
스타리아 2.2디젤 2WD  6MT 11인 17인치,diesel,11.0,13.0,,2199.0,2021
스타리아 2.2디젤 2WD 11인 17인치 (빌트인캠),diesel,9.8,12.5,,2199.0,2021
스타리아 2.2디젤 2WD 11인 18인치 (빌트인캠),diesel,9.7,12.4,,2199.0,2021
스타리아 2.2디젤 2WD 9인 18인치 (빌트인캠),diesel,10.1,12.5,,2199.0,2021
스타리아 2.2디젤 2WD 9인 17인치,diesel,10.3,12.9,,2199.0,2021
스타리아 라운지 2.2디젤 2WD 9인 18인치,diesel,9.8,12.2,,2199.0,2021
스타리아 라운지 2.2디젤 2WD 9인 18인치 (빌트인캠),diesel,9.8,12.2,,2199.0,2021
스타리아 2.2디젤 4WD 11인 18인치 (빌트인캠),diesel,9.4,11.6,,2199.0,2021
스타리아 라운지 2.2디젤 4WD 9인 18인치 (빌트인캠),diesel,9.2,12.0,,2199.0,2021
아이오닉5 항속형 RWD 20인치,electric,5.5,4.2,401.0,,2021
아이오닉5 항속형 RWD 19인치 빌트인캠,electric,5.8,4.4,421.0,,2021
팰리세이드 2.2 디젤 2WD 7인 20인치 (21),diesel,10.8,13.1,,2199.0,2021
팰리세이드 2.2 디젤 AWD 7인 18인치 (21),diesel,10.4,12.8,,2199.0,2021
팰리세이드 2.2 디젤 AWD 7인 20인치 (21),diesel,10.4,12.5,,2199.0,2021
팰리세이드 2.2 디젤 2WD 7인 18인치 (21),diesel,11.4,13.8,,2199.0,2021
팰리세이드 2.2 디젤 2WD 8인 18인치 (21),diesel,11.1,13.6,,2199.0,2021
팰리세이드 2.2 디젤 2WD 8인 20인치 (21),diesel,10.8,13.1,,2199.0,2021
팰리세이드 2.2 디젤 AWD 8인 18인치 (21),diesel,10.4,12.8,,2199.0,2021
팰리세이드 2.2 디젤 AWD 8인 20인치 (21),diesel,10.4,12.5,,2199.0,2021
코나(OS PE) 2.0 가솔린 2WD_16인치타이어,gasoline,12.6,15.0,,1999.0,2020
코나(OS PE) 2.0 가솔린 2WD_17인치타이어,gasoline,12.0,15.0,,1999.0,2020
코나(OS PE) 2.0 가솔린 2WD_18인치타이어,gasoline,11.8,14.2,,1999.0,2020
코나(OS PE) 2.0 가솔린 4WD_16/17인치타이어,gasoline,10.8,13.3,,1999.0,2020
코나(OS PE) 2.0 가솔린 4WD_18인치타이어,gasoline,10.5,13.1,,1999.0,2020
GV70 2.2디젤 AWD 21인치,diesel,10.8,13.7,,2151.0,2020
GV70 2.2디젤 AWD 19인치,diesel,11.2,14.3,,2151.0,2020
GV70 2.2디젤 2WD 21인치,diesel,11.2,14.7,,2151.0,2020
GV70 2.2디젤 2WD 19인치,diesel,12.0,14.9,,2151.0,2020
GV70 2.5T-GDI AWD 21인치,gasoline,8.2,10.7,,2497.0,2020
GV70 2.5T-GDI AWD 19인치,gasoline,8.5,11.5,,2497.0,2020
GV70 2.5T-GDI 2WD 21인치,gasoline,8.8,11.3,,2497.0,2020
GV70 2.5T-GDI 2WD 19인치,gasoline,8.9,11.6,,2497.0,2020
GV70 3.5T-GDI AWD 21인치,gasoline,7.3,9.9,,3470.0,2020
GV70 2.2디젤 AWD 21인치 (스포츠패키지),diesel,10.8,13.7,,2151.0,2020
GV70 2.2디젤 AWD 19인치 (스포츠패키지),diesel,11.2,14.3,,2151.0,2020
GV70 2.2디젤 AWD 18인치(빌트인캠),diesel,11.5,14.8,,2151.0,2020
GV70 2.2디젤 AWD 18인치,diesel,11.5,15.0,,2151.0,2020
GV70 2.2디젤 2WD 21인치 (스포츠패키지),diesel,11.2,14.7,,2151.0,2020
GV70 2.2디젤 2WD 19인치 (스포츠패키지),diesel,12.0,14.9,,2151.0,2020
GV70 2.2디젤 2WD 18인치 (빌트인캠),diesel,12.1,15.6,,2151.0,2020
GV70 2.2디젤 2WD 18인치,diesel,12.1,15.8,,2151.0,2020
GV70 2.5T-GDI AWD 21인치 (스포츠패키지),gasoline,8.2,10.7,,2497.0,2020
GV70 2.5T-GDI AWD 19인치 (스포츠패키지),gasoline,8.5,11.5,,2497.0,2020
GV70 2.5T-GDI AWD 18인치(빌트인캠),gasoline,8.6,11.4,,2497.0,2020
GV70 2.5T-GDI AWD 18인치,gasoline,8.7,11.5,,2497.0,2020
GV70 2.5T-GDI 2WD 21인치 (스포츠패키지),gasoline,8.8,11.3,,2497.0,2020
GV70 2.5T-GDI 2WD 19인치 (스포츠패키지),gasoline,8.9,11.6,,2497.0,2020
GV70 2.5T-GDI 2WD 18인치(빌트인캠),gasoline,9.4,12.4,,2497.0,2020
GV70 2.5T-GDI 2WD 18인치,gasoline,9.6,12.4,,2497.0,2020
GV70 3.5T-GDI AWD 21인치[썸머](스포츠패키지),gasoline,7.2,9.7,,3470.0,2020
GV70 3.5T-GDI AWD 21인치 (스포츠패키지),gasoline,7.3,9.9,,3470.0,2020
GV70 3.5T-GDI AWD 19인치(빌트인캠),gasoline,7.4,10.2,,3470.0,2020
GV70 3.5T-GDI AWD 19인치,gasoline,7.5,10.3,,3470.0,2020
G70(IK PE) 2.0T-GDI 2WD 19인치(썸머)_SP,gasoline,9.0,12.6,,1998.0,2020
G70(IK PE) 2.0T-GDI 2WD 19인치(올시즌)_SP,gasoline,9.3,12.3,,1998.0,2020
G70(IK PE) 2.0T-GDI AWD 19인치(썸머)_SP,gasoline,8.1,11.2,,1998.0,2020
G70(IK PE) 2.0T-GDI AWD 19인치(올시즌)_SP,gasoline,8.2,11.5,,1998.0,2020
G70(IK PE) 2.0T-GDI 2WD 18인치(빌트인캠),gasoline,9.2,12.4,,1998.0,2020
G70(IK PE) 2.0T-GDI 2WD 18인치타이어,gasoline,9.5,12.5,,1998.0,2020
G70(IK PE) 2.0T-GDI AWD 18인치(빌트인캠),gasoline,8.4,11.7,,1998.0,2020
G70(IK PE) 2.0T-GDI AWD 18인치타이어,gasoline,8.7,11.8,,1998.0,2020
G70(IK PE) 2.0T-GDI 2WD 19인치(썸머),gasoline,9.0,12.6,,1998.0,2020
G70(IK PE) 2.0T-GDI 2WD 19인치(올시즌),gasoline,9.3,12.3,,1998.0,2020
G70(IK PE) 2.0T-GDI AWD 19인치(썸머),gasoline,8.1,11.2,,1998.0,2020
G70(IK PE) 2.0T-GDI AWD 19인치(올시즌),gasoline,8.2,11.5,,1998.0,2020
G70(IK PE) 2.2디젤 2WD_17인치(빌트인캠),diesel,13.0,17.3,,2199.0,2020
G70(IK PE) 2.2디젤 2WD_17인치타이어,diesel,13.3,17.4,,2199.0,2020
G70(IK PE) 2.2디젤 2WD_18/19인치타이어,diesel,12.8,16.2,,2199.0,2020
G70(IK PE) 2.2디젤 AWD_17인치타이어,diesel,11.9,15.5,,2199.0,2020
G70(IK PE)  2.2디젤 AWD_18/19인치타이어,diesel,11.7,15.2,,2199.0,2020
G70(IK PE) 3.3T-GDI AWD 19인치(썸머)_SP,gasoline,7.4,10.3,,3342.0,2020
G70(IK PE) 3.3T-GDI AWD 19인치(올시즌)_SP,gasoline,7.7,10.8,,3342.0,2020
G70(IK PE) 3.3T-GDI 2WD 19인치(썸머)_SP,gasoline,8.0,10.8,,3342.0,2020
G70(IK PE) 3.3T-GDI 2WD 19인치(올시즌)_SP,gasoline,8.2,11.3,,3342.0,2020
G70(IK PE) 3.3T-GDI AWD 19인치(썸머),gasoline,7.4,10.3,,3342.0,2020
G70(IK PE)3.3T-GDI AWD 19인치(올시즌),gasoline,7.7,10.8,,3342.0,2020
G70(IK PE) 3.3T-GDI 2WD 19인치(썸머),gasoline,8.0,10.8,,3342.0,2020
G70(IK PE) 3.3T-GDI 2WD 19인치(올시즌),gasoline,8.2,11.3,,3342.0,2020
투싼 2.0디젤 2WD 8AT 19인치,diesel,12.7,15.6,,1998.0,2020
투싼 2.0디젤 AWD 8AT 19인치,diesel,11.7,14.8,,1998.0,2020
투싼 1.6T-GDI 2WD 7DCT 19인치,gasoline,11.1,13.2,,1598.0,2020
투싼 1.6T-GDI AWD 7DCT 19인치,gasoline,10.2,12.0,,1598.0,2020
코나(PE) 1.6T-GDI 2WD 16인치/17인치타이어,gasoline,12.7,15.7,,1598.0,2020
코나(PE) 1.6T-GDI 2WD 18인치타이어,gasoline,11.7,14.1,,1598.0,2020
코나(PE) 1.6T-GDI 4WD 16인치타이어,gasoline,11.1,13.7,,1598.0,2020
코나(PE) 1.6T-GDI 4WD 17인치타이어,gasoline,10.8,13.2,,1598.0,2020
코나(PE) 1.6T-GDI 4WD 18인치타이어,gasoline,10.6,13.0,,1598.0,2020
싼타페(개조) 2.5T-GDI AWD 5인 20인치타이어,gasoline,8.6,10.9,,2497.0,2020
싼타페(개조) 2.5T-GDI AWD 5인 18인치타이어,gasoline,8.9,11.4,,2497.0,2020
싼타페(개조) 2.5T-GDI 2WD 5인 20인치타이어,gasoline,9.2,11.5,,2497.0,2020
싼타페(개조) 2.5T-GDI AWD 7인 20인치타이어,gasoline,8.6,10.9,,2497.0,2020
싼타페(개조) 2.5T-GDI AWD 7인 18인치타이어,gasoline,8.9,11.4,,2497.0,2020
싼타페(개조) 2.5T-GDI 2WD 7인 20인치타이어,gasoline,9.2,11.5,,2497.0,2020
싼타페(개조) 2.5T-GDI 2WD 7인 18인치(빌트인캠),gasoline,9.3,12.2,,2497.0,2020
싼타페(개조) 2.5T-GDI 2WD 7인 18인치타이어,gasoline,9.4,12.2,,2497.0,2020
싼타페(개조) 2.5T-GDI 2WD 5인 18인치(빌트인캠),gasoline,9.6,12.7,,2497.0,2020
싼타페(개조) 2.5T-GDI 2WD 5인 18인치타이어,gasoline,9.6,12.8,,2497.0,2020
투싼 1.6T-GDI AWD 7DCT 19인치 (빌트인캠),gasoline,10.2,12.0,,1598.0,2020
투싼 1.6T-GDI AWD 7DCT 18인치 (빌트인캠),gasoline,10.5,12.4,,1598.0,2020
투싼 1.6T-GDI AWD 7DCT 17/18인치,gasoline,10.8,12.7,,1598.0,2020
투싼 1.6T-GDI 2WD 7DCT 19인치 (빌트인캠),gasoline,11.1,13.2,,1598.0,2020
투싼 1.6T-GDI 2WD 7DCT 18인치 (빌트인캠),gasoline,11.3,13.6,,1598.0,2020
투싼 1.6T-GDI 2WD 7DCT 17/18인치,gasoline,11.5,13.8,,1598.0,2020
투싼 2.0디젤 AWD 8AT 19인치 (빌트인캠),diesel,11.7,14.8,,1998.0,2020
투싼 2.0디젤 AWD 8AT 18인치 (빌트인캠),diesel,11.7,15.4,,1998.0,2020
투싼 2.0디젤 AWD 8AT 17/18인치,diesel,11.9,15.5,,1998.0,2020
투싼 2.0디젤 2WD 8AT 19인치 (빌트인캠),diesel,12.7,15.6,,1998.0,2020
투싼 2.0디젤 2WD 8AT 18인치 (빌트인캠),diesel,12.9,16.0,,1998.0,2020
투싼 2.0디젤 2WD 8AT 18인치,diesel,12.9,16.3,,1998.0,2020
투싼 2.0디젤 2WD 8AT 17인치,diesel,13.5,16.7,,1998.0,2020
쏘나타(DN8) 2.0GDI 하이브리드_18인치타이어,gasoline,18.1,17.8,,1999.0,2020
쏘나타(DN8) 2.0GDI 하이브리드_18인치(빌트인캠),gasoline,17.3,17.8,,1999.0,2020
투싼 1.6T-GDI 하이브리드 6AT (빌트인캠),gasoline,16.3,15.2,,1598.0,2020
투싼 1.6T-GDI 하이브리드 6AT,gasoline,16.9,15.3,,1598.0,2020
싼타페 2.2디젤 2WD 5인 18인치타이어,diesel,13.0,15.9,,2151.0,2020
싼타페 2.2디젤 2WD 7인 18인치타이어,diesel,13.0,15.9,,2151.0,2020
싼타페 2.2디젤 AWD 5인 20인치타이어,diesel,11.7,14.4,,2151.0,2020
싼타페 2.2디젤 AWD 5인 18인치타이어(빌트인캠),diesel,12.0,15.1,,2151.0,2020
싼타페 2.2디젤 2WD 5인 20인치타이어,diesel,12.5,15.3,,2151.0,2020
싼타페 2.2디젤 2WD 5인 18인치타이어(빌트인캠),diesel,12.7,15.8,,2151.0,2020
싼타페 2.2디젤 AWD 5인 18인치타이어,diesel,12.3,15.3,,2151.0,2020
싼타페 2.2디젤 AWD 7인 20인치타이어,diesel,11.7,14.4,,2151.0,2020
싼타페 2.2디젤 AWD 7인 18인치타이어,diesel,12.0,15.1,,2151.0,2020
싼타페 2.2디젤 2WD 7인 20인치타이어,diesel,12.5,15.3,,2151.0,2020
싼타페 2.2디젤 2WD 7인 18인치타이어(빌트인캠),diesel,12.7,15.8,,2151.0,2020
아반떼 1.6 T-GDI 6MT 18인치 타이어,gasoline,11.1,14.0,,1598.0,2020
아반떼 1.6 T-GDI 7DCT 18인치 타이어,gasoline,11.5,14.7,,1598.0,2020
벨로스터 N 2.0T-GDI (PP)_21MY,gasoline,9.5,11.9,,1998.0,2020
벨로스터 N 2.0T-GDI (STD)_21MY,gasoline,9.7,12.1,,1998.0,2020
쏘나타(DN8) 2.5 T-GDI_19인치타이어(빌트인캠),gasoline,9.4,13.5,,2497.0,2020
쏘나타(DN8) 2.5 T-GDI_19인치타이어,gasoline,9.6,13.6,,2497.0,2020
아반떼 1.6GDI 하이브리드 (16“타이어),gasoline,21.4,20.7,,1580.0,2020
아반떼 1.6GDI 하이브리드 (17“타이어),gasoline,20.3,18.6,,1580.0,2020
쏘나타(DN8) 1.6 T-GDI_18인치타이어_21MY,gasoline,11.7,15.5,,1598.0,2020
쏘나타(DN8) 1.6 T-GDI_17인치타이어(빌트인캠)_21MY,gasoline,12.0,16.1,,1598.0,2020
쏘나타(DN8) 1.6 T-GDI_17인치타이어_21MY,gasoline,12.3,16.2,,1598.0,2020
쏘나타(DN8) 2.0CVVL_18인치타이어(빌트인캠)_21MY,gasoline,11.2,14.8,,1999.0,2020
쏘나타(DN8) 2.0CVVL_18인치타이어_21MY,gasoline,11.4,14.8,,1999.0,2020
쏘나타(DN8) 2.0CVVL_17인치타이어(빌트인캠)_21MY,gasoline,11.5,14.7,,1999.0,2020
쏘나타(DN8) 2.0CVVL_17인치타이어_21MY,gasoline,11.6,14.8,,1999.0,2020
아반떼 1.6 가솔린 15인치 타이어,gasoline,13.8,17.7,,1598.0,2020
GV80 2.5T-GDI AWD 5인 19인치타이어 (빌트인캠),gasoline,7.9,10.0,,2497.0,2020
GV80 2.5T-GDI AWD 5인 19인치타이어,gasoline,8.0,10.4,,2497.0,2020
GV80 2.5T-GDI AWD 5인 20인치타이어,gasoline,7.8,9.8,,2497.0,2020
GV80 2.5T-GDI AWD 7인 20인치타이어,gasoline,7.6,9.8,,2497.0,2020
GV80 2.5T-GDI 2WD 5인 22인치타이어,gasoline,8.2,10.4,,2497.0,2020
GV80 2.5T-GDI 2WD 5인 20인치타이어,gasoline,8.2,10.4,,2497.0,2020
GV80 2.5T-GDI 2WD 7인 20인치타이어,gasoline,8.2,10.4,,2497.0,2020
GV80 3.5T-GDI AWD 5인 20인치타이어 (빌트인캠),gasoline,6.9,9.1,,3470.0,2020
GV80 3.5T-GDI AWD 5인 22인치타이어,gasoline,6.9,9.1,,3470.0,2020
GV80 3.5T-GDI AWD 7인 20인치타이어,gasoline,6.9,9.1,,3470.0,2020
GV80 3.5T-GDI 2WD 7인 20인치타이어,gasoline,7.4,9.9,,3470.0,2020
GV80 3.5T-GDI 2WD 5인 20인치타이어 (빌트인캠),gasoline,7.4,9.9,,3470.0,2020
GV80 3.5T-GDI AWD 5인 20인치타이어,gasoline,7.1,9.3,,3470.0,2020
GV80 3.5T-GDI 2WD 7인 22인치타이어,gasoline,7.3,9.6,,3470.0,2020
GV80 3.5T-GDI 2WD 5인 22인치타이어,gasoline,7.4,9.9,,3470.0,2020
GV80 3.5T-GDI AWD 7인 22인치타이어,gasoline,6.9,9.1,,3470.0,2020
GV80 3.5T-GDI 2WD 5인 20인치타이어,gasoline,7.7,10.1,,3470.0,2020
GV80 2.5T-GDI AWD 7인 22인치타이어,gasoline,7.6,9.8,,2497.0,2020
G80 2.2디젤 2WD 18인치타이어,diesel,12.6,18.1,,2151.0,2020
GV80 2.5T-GDI AWD 7인 19인치타이어 (빌트인캠),gasoline,7.9,10.0,,2497.0,2020
GV80 2.5T-GDI AWD 7인 19인치타이어,gasoline,8.0,10.4,,2497.0,2020
GV80 2.5T-GDI AWD 5인 22인치타이어,gasoline,7.8,9.8,,2497.0,2020
GV80 2.5T-GDI 2WD 7인 22인치타이어,gasoline,8.2,10.4,,2497.0,2020
GV80 2.5T-GDI 2WD 7인 19인치타이어,gasoline,8.4,10.7,,2497.0,2020
GV80 2.5T-GDI 2WD 5인 19인치타이어 (빌트인캠),gasoline,8.5,10.9,,2497.0,2020
GV80 2.5T-GDI 2WD 5인승 19인치 타이어,gasoline,8.7,11.1,,2497.0,2020
G80 2.2디젤 AWD 19인치타이어,diesel,11.3,15.0,,2151.0,2020
G80 2.2디젤 AWD 18인치 (빌트인캠),diesel,11.5,15.5,,2151.0,2020
G80 2.2디젤 AWD 18인치타이어,diesel,11.5,15.5,,2151.0,2020
G80 2.2디젤 2WD 19인치타이어,diesel,12.5,17.5,,2151.0,2020
G80 2.2디젤 2WD 18인치 (빌트인캠),diesel,12.5,17.7,,2151.0,2020
아반떼 1.6 가솔린 15인치 타이어(MT),gasoline,12.8,16.9,,1598.0,2020
아반떼 1.6 가솔린 17인치 타이어,gasoline,13.1,16.6,,1598.0,2020
아반떼 1.6 가솔린 16인치 타이어,gasoline,13.3,17.3,,1598.0,2020
벨로스터 N 2.0T-GDI_8DCT,gasoline,8.9,12.3,,1998.0,2020
GV80 3.0디젤 AWD 7인 20인치타이어,diesel,9.7,11.9,,2996.0,2020
GV80 3.0디젤 AWD 7인 20인치타이어(DS),diesel,9.7,11.9,,2996.0,2020
GV80 3.0디젤 AWD 7인 22인치타이어,diesel,9.7,11.9,,2996.0,2020
GV80 3.0디젤 AWD 5인 22인치타이어,diesel,9.7,11.9,,2996.0,2020
GV80 3.0디젤 2WD 7인 19인치 타이어,diesel,10.1,12.8,,2996.0,2020
GV80 3.0디젤 2WD 7인 19인치 타이어(DS),diesel,10.1,12.8,,2996.0,2020
GV80 3.0디젤 2WD 7인 20인치 타이어,diesel,10.1,12.8,,2996.0,2020
GV80 3.0디젤 2WD 7인 20인치 타이어(DS),diesel,10.1,12.8,,2996.0,2020
GV80 3.0디젤 2WD 7인 22인치 타이어,diesel,10.1,12.8,,2996.0,2020
GV80 3.0디젤 2WD 5인 19인치 타이어,diesel,10.5,13.7,,2996.0,2020
GV80 3.0디젤 2WD 5인 20인치 타이어,diesel,10.4,13.3,,2996.0,2020
GV80 3.0디젤 2WD 5인 20인치 타이어(DS),diesel,10.4,13.3,,2996.0,2020
GV80 3.0디젤 2WD 5인 22인치 타이어,diesel,10.4,13.3,,2996.0,2020
GV80 3.0디젤 AWD 5인 20인치타이어(DS),diesel,9.7,11.9,,2996.0,2020
GV80 3.0디젤 AWD 5인 20인치타이어,diesel,9.7,11.9,,2996.0,2020
GV80 3.0디젤 AWD 5인 19인치타이어,diesel,9.8,12.6,,2996.0,2020
GV80 3.0디젤 AWD 5인 19인치타이어(DS),diesel,9.8,12.6,,2996.0,2020
GV80 3.0디젤 AWD 7인 19인치타이어,diesel,9.8,12.6,,2996.0,2020
GV80 3.0디젤 AWD 5인 22인치타이어(DS),diesel,9.7,11.9,,2996.0,2020
GV80 3.0디젤 2WD 7인 22인치 타이어(DS),diesel,10.1,12.8,,2996.0,2020
GV80 3.0디젤 2WD 5인 19인치 타이어(DS),diesel,10.5,13.7,,2996.0,2020
GV80 3.0디젤 2WD 5인 22인치 타이어(DS),diesel,10.4,13.3,,2996.0,2020
GV80 3.0디젤 AWD 7인 19인치타이어(DS),diesel,9.8,12.6,,2996.0,2020
GV80 3.0디젤 AWD 7인 22인치 타이어(DS),diesel,9.4,11.7,,2996.0,2020
G80 3.5T-GDI AWD 20인치타이어,gasoline,7.3,10.3,,3470.0,2020
G80 3.5T-GDI AWD 19인치 (빌트인캠),gasoline,7.3,10.3,,3470.0,2020
G80 3.5T-GDI AWD 19인치타이어,gasoline,7.3,10.3,,3470.0,2020
G80 3.5T-GDI 2WD 20인치타이어,gasoline,7.8,11.2,,3470.0,2020
G80 3.5T-GDI 2WD 19인치타이어,gasoline,8.0,11.4,,3470.0,2020
G80 3.5T-GDI 2WD 19인치 (빌트인캠),gasoline,7.9,11.3,,3470.0,2020
G80 2.5T-GDI AWD 20인치타이어,gasoline,8.7,11.6,,2497.0,2020
G80 2.5T-GDI AWD 19인치타이어,gasoline,8.7,11.6,,2497.0,2020
G80 2.5T-GDI AWD 18인치 (빌트인캠),gasoline,8.7,11.9,,2497.0,2020
G80 2.5T-GDI AWD 18인치타이어,gasoline,8.9,12.1,,2497.0,2020
G80 2.5T-GDI 2WD 20인치타이어,gasoline,9.2,12.8,,2497.0,2020
G80 2.5T-GDI 2WD 19인치타이어,gasoline,9.3,12.8,,2497.0,2020
G80 2.5T-GDI 2WD 18인치 (빌트인캠),gasoline,9.5,12.9,,2497.0,2020
G80 2.5T-GDI 2WD 18인치타이어,gasoline,9.5,13.0,,2497.0,2020
쏘나타(DN8) 1.6 T-GDI_19인치(빌트인캠),gasoline,11.3,14.6,,1598.0,2019
쏘나타(DN8) 1.6 T-GDI_19인치타이어,gasoline,11.3,15.1,,1598.0,2019
포터일렉트릭,electric,3.6,2.7,211.0,,2019
"그랜저(IG개조)2.4 하이브리드_18""타이어",gasoline,15.2,15.1,,2359.0,2019
"그랜저(IG개조)2.4 하이브리드_18""타이어(빌트인캠)",gasoline,14.8,15.0,,2359.0,2019
"그랜저(IG개조)2.4 하이브리드_17""타이어(빌트인캠)",gasoline,15.7,16.1,,2359.0,2019
그랜저(IG개조) 3.3 GDI_19인치타이어,gasoline,8.3,11.7,,3342.0,2019
그랜저(IG개조) 3.3 GDI_18인치타이어,gasoline,8.3,12.0,,3342.0,2019
그랜저(IG개조) 2.5 GDI_19인치타이어,gasoline,9.7,13.4,,2497.0,2019
그랜저(IG개조) 2.5 GDI_18인치타이어,gasoline,10.1,14.0,,2497.0,2019
그랜저(IG개조) 2.5 GDI_17인치타이어,gasoline,10.3,14.6,,2497.0,2019
"투싼 개조차 2.0디젤 AWD (20MY_19""타이어)",diesel,11.6,13.6,,1995.0,2019
"투싼 개조차 2.0디젤 2WD 8AT (20MY_19""타이어)",diesel,12.9,15.1,,1995.0,2019
"투싼 개조차 1.6디젤 AWD (20MY_19""타이어)",diesel,13.4,14.5,,1598.0,2019
"투싼 개조차 1.6디젤 AWD (20MY_18""타이어)",diesel,13.4,15.1,,1598.0,2019
"투싼 개조차 1.6디젤 2WD (20MY_19""타이어)",diesel,14.7,16.2,,1598.0,2019
"투싼 개조차 1.6디젤 2WD (20MY_18""타이어)",diesel,15.0,16.8,,1598.0,2019
"투싼 개조차 1.6T-GDI AWD (20MY_19""타이어)",gasoline,9.8,11.3,,1591.0,2019
"투싼 개조차 1.6T-GDI AWD (20MY_18""타이어)",gasoline,10.0,11.8,,1591.0,2019
"투싼 개조차 1.6T-GDI 2WD (20MY_19""타이어)",gasoline,10.6,12.4,,1591.0,2019
"투싼 개조차 1.6T-GDI 2WD (20MY_18""타이어)",gasoline,10.8,12.7,,1591.0,2019
그랜드스타렉스 2.5디젤 리무진 (20MY_6P_N/HR),diesel,7.9,10.5,,2497.0,2019
그랜드스타렉스 2.5디젤 4WD 리무진 (20MY_6P_N/HR),diesel,7.6,9.4,,2497.0,2019
G70 3.3T-GDI AWD_20MY(19인치 PS4S타이어),gasoline,7.4,10.5,,3342.0,2019
G70 3.3T-GDI 2WD_20MY(19인치 PS4S타이어),gasoline,7.9,10.6,,3342.0,2019
G70 3.3T-GDI 2WD (19인치 PS4S타이어),gasoline,8.4,11.4,,3342.0,2019
G70 3.3T-GDI AWD (19인치 PS4S타이어),gasoline,7.7,10.8,,3342.0,2019
포터 2.5디젤 4x4덤프(강화유로6),diesel,8.6,9.1,,2497.0,2019
포터 2.5디젤 장축 더블캡 MT(강화유로6),diesel,9.6,9.9,,2497.0,2019
포터 2.5디젤 초장축 표준캡 AT(강화유로6),diesel,8.8,9.3,,2497.0,2019
포터 2.5디젤 장축 슈퍼캡 MT(강화유로6),diesel,9.9,9.9,,2497.0,2019
포터 2.5디젤 초장축 표준캡 MT(강화유로6),diesel,9.9,9.9,,2497.0,2019
포터 2.5디젤 4X4장축 표준캡(강화유로6),diesel,9.0,9.6,,2497.0,2019
쏘나타(DN8) 1.6 T-GDI_18인치타이어,gasoline,11.8,15.2,,1598.0,2019
쏘나타(DN8) 1.6 T-GDI_17인치타이어,gasoline,12.3,15.9,,1598.0,2019
포터 2.5디젤 초장축 슈퍼캡 AT(강화유로6),diesel,8.8,9.3,,2497.0,2019
포터 2.5디젤 초장축 더블캡 AT(강화유로6),diesel,8.5,9.4,,2497.0,2019
포터 2.5디젤 초장축 슈퍼캡 MT(강화유로6),diesel,9.9,9.9,,2497.0,2019
포터 2.5디젤 초장축 더블캡 MT(강화유로6),diesel,9.6,9.9,,2497.0,2019
포터 2.5디젤 4X4장축 슈퍼캡(강화유로6),diesel,9.0,9.6,,2497.0,2019
포터 2.5디젤 4X4장축 더블캡(강화유로6),diesel,8.9,9.6,,2497.0,2019
G70 2.2디젤 AWD_18인치타이어_20MY,diesel,12.2,15.6,,2199.0,2019
G70 2.2디젤 2WD_17인치타이어_20MY,diesel,13.5,17.9,,2199.0,2019
G70 3.3T-GDI AWD_19인치 타이어_20MY,gasoline,7.4,10.5,,3342.0,2019
G70 3.3T-GDI 2WD_19인치 타이어_20MY,gasoline,7.9,10.6,,3342.0,2019
G70 2.0T-GDI AWD_19인치 타이어_20MY,gasoline,8.4,11.3,,1998.0,2019
G70 2.0T-GDI AWD_18인치 타이어_20MY,gasoline,8.8,12.0,,1998.0,2017
G70 2.0T-GDI 2WD_19인치 타이어_20MY,gasoline,9.2,12.4,,1998.0,2017
G70 2.0T-GDI 2WD_18인치 타이어_20MY,gasoline,9.4,12.8,,1998.0,2017
G70 3.3T-GDI AWD (19인치 올시즌타이어),gasoline,7.6,10.6,,3342.0,2019
G70 3.3T-GDI 2WD (19인치 올시즌타이어),gasoline,8.0,10.8,,3342.0,2019
G70 2.0T-GDI 2WD (19인치 올시즌타이어) ,gasoline,9.3,12.5,,1998.0,2017
G70 2.0T-GDI AWD (19인치 올시즌타이어),gasoline,8.6,11.3,,1998.0,2017
그랜드스타렉스 2.5 디젤 3밴 6MT (20MY),diesel,10.5,11.8,,2497.0,2019
그랜드스타렉스 2.5 디젤 3밴 5AT (20MY),diesel,9.0,11.4,,2497.0,2019
쏘나타(DN8) 2.0GDI 하이브리드_17인치(빌트인캠),gasoline,18.4,19.1,,1999.0,2019
쏘나타(DN8) 2.0GDI 하이브리드_16인치(빌트인캠),gasoline,19.4,20.1,,1999.0,2019
"코나 1.6GDI 하이브리드 (18"" 타이어)",gasoline,18.1,16.6,,1580.0,2019
"코나 1.6GDI 하이브리드 (16"" 타이어)",gasoline,20.1,18.4,,1580.0,2019
그랜드스타렉스 2.5디젤 2WD 5AT_9인 (PE2/20MY),diesel,8.4,11.0,,2497.0,2019
그랜드스타렉스 2.5디젤 4WD 5AT_9인 (PE2/20MY),diesel,8.0,10.3,,2497.0,2019
"코나 1.6디젤 4WD (18"" 타이어)",diesel,13.9,15.7,,1598.0,2019
"코나 1.6디젤 4WD (17"" 타이어)",diesel,14.6,16.2,,1598.0,2019
"코나 1.6디젤 2WD (18"" 타이어)",diesel,16.2,17.7,,1598.0,2019
"코나 1.6디젤 2WD (17"" 타이어)",diesel,16.6,18.2,,1598.0,2019
"코나 1.6디젤 2WD (16"" 타이어)",diesel,16.7,18.6,,1598.0,2019
그랜드스타렉스 2.5 디젤 5밴 5AT (20MY),diesel,9.0,11.4,,2497.0,2019
그랜드스타렉스 2.5 디젤 5밴 6MT (20MY),diesel,10.5,11.8,,2497.0,2019
그랜드스타렉스 2.5디젤 어린이버스(법규대응),diesel,8.4,10.5,,2497.0,2019
그랜드스타렉스 2.5디젤 어린이보호차(법규대응),diesel,8.4,10.5,,2497.0,2019
그랜드스타렉스 2.5디젤 4WD 어린이버스(법규대응),diesel,7.5,9.3,,2497.0,2019
그랜드스타렉스 2.5디젤 4WD 어린이보호차(법규대응),diesel,7.5,9.3,,2497.0,2019
아반떼 1.6T-GDI (19MY),gasoline,10.5,13.1,,1591.0,2019
아반떼 1.6T-GDI_7DCT (19MY),gasoline,10.8,13.7,,1591.0,2019
베뉴 1.6 가솔린 MT (17“타이어),gasoline,12.4,14.7,,1598.0,2019
베뉴 1.6 가솔린 MT (15“타이어),gasoline,12.6,15.1,,1598.0,2019
베뉴 1.6 가솔린 CVT (17“타이어),gasoline,12.4,14.7,,1598.0,2019
베뉴 1.6 가솔린 CVT (15“타이어),gasoline,12.7,15.2,,1598.0,2019
쏘나타(DN8) 2.0GDI 하이브리드_17인치타이어,gasoline,19.0,19.1,,1999.0,2019
쏘나타(DN8) 2.0GDI 하이브리드_16인치타이어,gasoline,20.0,20.1,,1999.0,2019
"코나 1.6디젤 4WD (16""타이어)",diesel,15.0,16.7,,1598.0,2019
쏘나타(DN8) 2.0CVVL_18인치타이어,gasoline,11.6,15.0,,1999.0,2019
쏘나타(DN8) 2.0CVVL_17인치타이어,gasoline,11.9,15.5,,1999.0,2019
쏘나타(DN8) 2.0CVVL_16인치타이어,gasoline,11.7,15.1,,1999.0,2019
아이오닉 1.6GDI 플러그인하이브리드 개조차_6DCT,hybrid,29.1,27.5,46.0,1580.0,2019
"팰리세이드 2.2디젤 AWD 7인(20""타이어)",diesel,10.8,12.6,,2199.0,2019
"팰리세이드 2.2디젤 AWD 7인(18""타이어)",diesel,10.9,13.0,,2199.0,2019
"팰리세이드 2.2디젤 2WD 7인(20""타이어)",diesel,11.2,13.1,,2199.0,2019
"팰리세이드 2.2디젤 AWD 8인(20""타이어)",diesel,10.8,12.6,,2199.0,2019
"팰리세이드 3.8GDI AWD 7인(18""타이어)",gasoline,7.9,10.6,,3778.0,2019
"팰리세이드 3.8GDI 2WD 7인(20""타이어)",gasoline,8.3,10.9,,3778.0,2019
"팰리세이드 3.8GDI 2WD 7인 (18"" 타이어)",gasoline,8.5,11.4,,3778.0,2019
"팰리세이드 3.8GDI AWD 7인 (20"" 타이어)",gasoline,8.0,10.4,,3778.0,2019
"팰리세이드 2.2디젤 AWD 8인(18""타이어)",diesel,10.9,13.0,,2199.0,2019
"팰리세이드 2.2디젤 2WD 8인(20""타이어)",diesel,11.2,13.1,,2199.0,2019
"팰리세이드 2.2디젤 2WD 8인(18""타이어)",diesel,11.6,13.6,,2199.0,2019
"팰리세이드 2.2디젤 2WD 7인(18"" 타이어)",diesel,11.9,13.8,,2199.0,2019
"팰리세이드 3.8GDI AWD 8인(18""타이어)",gasoline,7.9,10.6,,3778.0,2019
"팰리세이드 3.8GDI 2WD 8인(20""타이어)",gasoline,8.3,10.9,,3778.0,2019
G90 3.8GDI AWD 5인 (18“ 타이어),gasoline,7.2,9.9,,3778.0,2018
G90 5.0GDI AWD 5인 (19“ 타이어),gasoline,6.2,9.3,,5038.0,2018
"G90 5.0GDI AWD 리무진 5인 (19""타이어)",gasoline,6.1,9.3,,5038.0,2019
G90 3.8GDI 2WD 5인 (19“ 타이어),gasoline,7.7,10.5,,3778.0,2018
G90 3.8GDI AWD 5인 (19“ 타이어),gasoline,7.2,9.7,,3778.0,2018
G90 3.3T-GDI AWD 5인 (19“ 타이어),gasoline,7.0,9.7,,3342.0,2018
G90 3.3T-GDI 2WD 5인 (19“ 타이어),gasoline,7.3,10.1,,3342.0,2018
"팰리세이드 3.8GDI 2WD 8인 (18"" 타이어)",gasoline,8.5,11.4,,3778.0,2019
"팰리세이드 3.8GDI AWD 8인 (20"" 타이어)",gasoline,8.0,10.4,,3778.0,2019
G90 5.0GDI AWD 4인 (19“ 타이어),gasoline,6.2,9.3,,5038.0,2018
"G90 5.0GDI AWD 리무진 4인 (19""타이어)",gasoline,6.1,9.3,,5038.0,2019
G90 3.3T-GDI 2WD 5인 (18“ 타이어),gasoline,7.6,10.7,,3342.0,2018
G90 3.3T-GDI 2WD 4인 (19“ 타이어),gasoline,7.3,10.1,,3342.0,2018
G90 3.3T-GDI AWD 5인 (18“ 타이어),gasoline,7.0,9.9,,3342.0,2018
G90 3.3T-GDI AWD 4인 (19“ 타이어),gasoline,7.0,9.7,,3342.0,2018
G90 3.8GDI AWD 4인 (19“ 타이어),gasoline,7.2,9.7,,3778.0,2018
G90 3.8GDI 2WD 5인 (18“ 타이어),gasoline,7.9,10.7,,3778.0,2018
G90 3.8GDI 2WD 4인 (19“ 타이어),gasoline,7.7,10.5,,3778.0,2018
"G80 3.3GDI AWD 19MY (19""타이어)",gasoline,7.2,10.0,,3342.0,2016
"G80 3.3GDI AWD 19MY (18""타이어)",gasoline,7.3,10.2,,3342.0,2016
"G80 3.3GDI 2WD 19MY (19""타이어)",gasoline,7.7,10.9,,3342.0,2016
"G80 3.3GDI 2WD 19MY (18""타이어)",gasoline,7.9,11.2,,3342.0,2016
"G80 3.3GDI AWD 스포츠패키지 19MY (19""타이어)",gasoline,7.1,9.9,,3342.0,2016
"G80 3.3GDI 2WD 스포츠패키지 19MY (19""타이어)",gasoline,7.7,10.5,,3342.0,2016
"G80 2.2디젤 AWD 19MY (18""타이어)",diesel,10.9,14.2,,2199.0,2016
"G80 2.2디젤 2WD 19MY (18""타이어)",diesel,12.3,16.1,,2199.0,2016
i30 1.6T-GDI_6MT (N_Line),gasoline,10.5,12.5,,1591.0,2018
i30 1.6T-GDI_7DCT (N_Line),gasoline,10.7,13.3,,1591.0,2018
그랜드스타렉스(PE2)2.5디젤 4WD 리무진 (6P_N/HR),diesel,7.6,9.4,,2497.0,2018
그랜드스타렉스(PE2)2.5디젤 4WD 리무진 (9P_N/HR),diesel,7.6,9.4,,2497.0,2018
아반떼(AD PE) 1.6가솔린,gasoline,12.5,16.2,,1598.0,2018
아반떼(AD PE) 1.6가솔린 (17'''타이어),gasoline,12.6,16.3,,1598.0,2018
아반떼(AD PE) 1.6가솔린 (16'''타이어),gasoline,12.8,16.8,,1598.0,2018
아반떼(AD PE) 1.6가솔린 (15'''타이어),gasoline,13.6,17.7,,1598.0,2018
아반떼(AD PE) 1.6디젤_7DCT (17''타이어),diesel,15.7,19.3,,1582.0,2019
아반떼(AD PE) 1.6디젤 7DCT,diesel,16.3,19.9,,1582.0,2019
"투싼 개조차 2.0디젤 2WD 8AT (19""타이어)",diesel,12.9,15.1,,1995.0,2018
"투싼 개조차 2.0디젤 2WD 8AT (18""타이어)",diesel,13.2,15.3,,1995.0,2018
"투싼 개조차 2.0디젤 AWD (19""타이어)",diesel,11.6,13.6,,1995.0,2018
"투싼 개조차 2.0디젤 AWD (18""타이어)",diesel,11.8,13.9,,1995.0,2018
"투싼 개조차 2.0디젤 AWD (17""타이어)",diesel,12.3,14.3,,1995.0,2018
"투싼 개조차 1.6디젤 AWD (19""타이어)",diesel,13.4,14.5,,1598.0,2018
"투싼 개조차 1.6디젤 AWD (18""타이어)",diesel,13.4,15.1,,1598.0,2018
"투싼 개조차 1.6디젤 AWD (17""타이어)",diesel,13.9,15.2,,1598.0,2018
"투싼 개조차 2.0디젤 2WD 6MT (19""타이어)",diesel,13.7,15.4,,1995.0,2019
"투싼 개조차 2.0디젤 2WD 6MT (18""타이어)",diesel,14.0,15.6,,1995.0,2019
"투싼 개조차 2.0디젤 2WD 6MT (17""타이어)",diesel,14.4,16.0,,1995.0,2019
"투싼 개조차 2.0디젤 2WD 8AT (17""타이어)",diesel,13.2,16.2,,1995.0,2018
"투싼 개조차 1.6디젤 2WD (19""타이어)",diesel,14.7,16.2,,1598.0,2018
"투싼 개조차 1.6디젤 2WD (17""타이어)",diesel,15.3,17.6,,1598.0,2018
"투싼 개조차 1.6디젤 2WD (18""타이어)",diesel,15.0,16.8,,1598.0,2018
"투싼 개조차 1.6T-GDI 2WD (19""타이어)",gasoline,10.6,12.4,,1591.0,2018
"투싼 개조차 1.6T-GDI 2WD (18""타이어)",gasoline,10.8,12.7,,1591.0,2018
"투싼 개조차 1.6T-GDI 2WD (17""타이어)",gasoline,11.0,13.1,,1591.0,2018
"투싼 개조차 1.6T-GDI AWD (17""타이어)",gasoline,10.3,11.7,,1591.0,2018
"투싼 개조차 1.6T-GDI AWD (18""타이어)",gasoline,10.0,11.8,,1591.0,2018
"투싼 개조차 1.6T-GDI AWD (19""타이어)",gasoline,9.8,11.3,,1591.0,2018
그랜드스타렉스(PE2)2.5디젤 리무진 (9P_N/HR),diesel,7.9,10.5,,2497.0,2017
그랜드스타렉스(PE2)2.5디젤 리무진 (6P_N/HR),diesel,7.9,10.5,,2497.0,2017
그랜드스타렉스(PE2) 2.5디젤 하이루프(12인),diesel,8.4,10.5,,2497.0,2017
벨로스터 N 2.0T-GDI (PP),gasoline,9.5,11.9,,1998.0,2018
벨로스터 N 2.0T-GDI (STD),gasoline,9.7,12.1,,1998.0,2018
싼타페 2.2 디젤 AWD 5인 (19'' 타이어),diesel,11.1,13.5,,2199.0,2018
싼타페 2.2 디젤 AWD 5인 (18'' 타이어),diesel,11.3,13.8,,2199.0,2018
싼타페 2.2 디젤 AWD 7인 (19'' 타이어),diesel,11.1,13.5,,2199.0,2018
싼타페 2.2 디젤 AWD 7인 (18'' 타이어),diesel,11.3,13.8,,2199.0,2018
싼타페 2.2 디젤 2WD 5인 (19'' 타이어),diesel,12.3,14.7,,2199.0,2018
싼타페 2.2 디젤 2WD 5인 (18'' 타이어),diesel,12.4,15.4,,2199.0,2018
싼타페 2.2 디젤 2WD 7인 (19'' 타이어),diesel,11.8,14.2,,2199.0,2018
싼타페 2.2 디젤 2WD 7인 (18'' 타이어),diesel,11.9,14.7,,2199.0,2018
싼타페 2.0T-GDI 2WD 5인,gasoline,8.4,11.4,,1998.0,2018
싼타페 2.0T-GDI 2WD 7인,gasoline,8.4,11.4,,1998.0,2018
싼타페 2.0T-GDI 4WD 5인,gasoline,7.9,10.9,,1998.0,2018
싼타페 2.0 디젤 AWD 5인 (19'' 타이어),diesel,11.1,13.4,,1995.0,2018
싼타페 2.0 디젤 AWD 5인 (18'' 타이어),diesel,11.3,13.9,,1995.0,2018
싼타페 2.0 디젤 AWD 7인 (19'' 타이어),diesel,11.1,13.4,,1995.0,2018
싼타페 2.0 디젤 AWD 7인 (18'' 타이어),diesel,11.3,13.9,,1995.0,2018
싼타페 2.0 디젤 2WD 5인 (18'' 타이어),diesel,12.7,15.4,,1995.0,2018
싼타페 2.0 디젤 2WD 5인 (19'' 타이어),diesel,12.6,14.7,,1995.0,2018
싼타페 2.0 디젤 2WD 7인 (19'' 타이어),diesel,12.2,14.4,,1995.0,2018
싼타페 2.0 디젤 2WD 7인 (18'' 타이어),diesel,12.7,15.4,,1995.0,2018
싼타페 2.0T-GDI 4WD 7인,gasoline,7.9,10.9,,1998.0,2018
그랜드스타렉스 2.5디젤 4WD 5AT_9인 (PE2),diesel,8.0,10.3,,2497.0,2017
그랜드스타렉스 2.5디젤 2WD 5AT (PE2),diesel,8.6,11.3,,2497.0,2017
그랜드스타렉스 2.5디젤 2WD 6MT (PE2),diesel,10.3,11.8,,2497.0,2017
그랜드스타렉스 2.5디젤 2WD 5AT_9인 (PE2),diesel,8.4,11.0,,2497.0,2017
그랜드스타렉스 2.5디젤 4WD 5AT (PE2),diesel,8.0,10.2,,2497.0,2017
"G80 2.2디젤 2WD (18""타이어) (15)",diesel,12.3,16.1,,2199.0,2016
"G80 2.2디젤 2WD (19""타이어) (15)",diesel,11.7,15.3,,2199.0,2016
"G80 2.2디젤 AWD (19""타이어) (15)",diesel,10.8,14.1,,2199.0,2016
벨로스터 1.6T-GDI 6MT (SUMMER TIRE),gasoline,11.2,14.0,,1591.0,2018
벨로스터 1.6T-GDI 6MT (ALL SEASON TIRE),gasoline,11.4,14.3,,1591.0,2018
벨로스터 1.4T-GDI 7DCT,gasoline,11.9,14.8,,1353.0,2018
벨로스터 1.6T-GDI 7DCT (ALL SEASON TIRE),gasoline,11.3,14.5,,1591.0,2018
벨로스터 1.6T-GDI 7DCT (SUMMMER TIRE),gasoline,11.1,14.2,,1591.0,2018
G70 2.2디젤 AWD_18인치타이어 (15),diesel,12.2,15.6,,2199.0,2017
G70 2.2디젤 AWD_17인치타이어 (15),diesel,12.2,15.7,,2199.0,2017
G70 2.2디젤 2WD_18인치타이어 (15),diesel,13.1,16.7,,2199.0,2017
G70 2.2디젤 2WD_17인치타이어 (15),diesel,13.5,17.9,,2199.0,2017
G70 3.3T-GDI 2WD (19인치 타이어) (15),gasoline,7.9,10.6,,3342.0,2017
G70 3.3T-GDI AWD (19인치 타이어) (15),gasoline,7.4,10.5,,3342.0,2017
G70 2.0T-GDI AWD (19인치 타이어) (15),gasoline,8.4,11.3,,1998.0,2017
G70 2.0T-GDI AWD (18인치 타이어) (15),gasoline,8.8,12.0,,1998.0,2017
G70 2.0T-GDI 2WD (19인치 타이어) (15),gasoline,9.2,12.4,,1998.0,2017
G70 2.0T-GDI 2WD (18인치 타이어) (15),gasoline,9.4,12.8,,1998.0,2017
"코나 1.6T-GDI 4WD (18""타이어) (15)",gasoline,10.0,12.4,,1591.0,2017
"코나 1.6T-GDI 4WD (17""타이어) (15)",gasoline,10.1,12.6,,1591.0,2017
"코나 1.6T-GDI 4WD (16""타이어) (15)",gasoline,10.1,13.0,,1591.0,2017
"코나 1.6T-GDI 2WD (18""타이어) (15)",gasoline,11.0,14.2,,1591.0,2017
"코나 1.6T-GDI 2WD (17""타이어) (15)",gasoline,11.3,14.5,,1591.0,2017
"코나 1.6T-GDI 2WD (16""타이어) (15)",gasoline,11.4,14.9,,1591.0,2017
그랜드 스타렉스 2.5디젤 3밴 (15),diesel,10.4,11.8,,2497.0,2017
그랜드 스타렉스 2.5디젤 3밴 (15),diesel,8.4,10.7,,2497.0,2017
그랜드 스타렉스 2.5디젤 5밴 (15),diesel,10.4,11.8,,2497.0,2017
그랜드 스타렉스 2.5디젤 5밴 (15),diesel,8.4,10.7,,2497.0,2017
엑센트 카파 1.4가솔린 CVT (5DR) (15),gasoline,11.9,14.8,,1368.0,2017
엑센트 카파 1.4가솔린 CVT (4DR) (15),gasoline,12.0,15.6,,1368.0,2017
엑센트 카파 1.4가솔린 (4DR) (15),gasoline,12.7,16.1,,1368.0,2017
벨로스터 1.6T-GDI_7DCT (15),gasoline,10.7,13.5,,1591.0,2015
그랜저 2.4 하이브리드 (15),gasoline,16.1,16.2,,2359.0,2017
"G80 3.8GDI AWD (19""타이어) (15)",gasoline,7.1,9.9,,3778.0,2016
"G80 3.8GDI 2WD (19""타이어) (15)",gasoline,7.6,10.6,,3778.0,2016
"그랜저 3.3GDI 8AT (19""타이어) (15)",gasoline,8.4,11.9,,3342.0,2017
아이오닉 1.6GDI 플러그인하이브리드_6DCT (15),hybrid,29.1,27.5,46.0,1580.0,2017
포터 2.5디젤 4WD 덤프(유로6) (15),diesel,8.3,8.8,,2497.0,2016
포터 2.5디젤 2WD 덤프(유로6) (15),diesel,8.9,9.1,,2497.0,2016
"그랜저 3.0GDI 8AT (19""타이어) (15)",gasoline,8.6,12.3,,2999.0,2016
"그랜저 3.0GDI 8AT (18""타이어) (15)",gasoline,8.7,12.5,,2999.0,2016
"그랜저 2.4GDI (19""타이어) (15)",gasoline,9.6,13.0,,2359.0,2016
"그랜저 2.4GDI (18""타이어) (15)",gasoline,9.7,13.3,,2359.0,2016
"그랜저 2.4GDI (17""타이어) (15)",gasoline,9.8,13.6,,2359.0,2016
"G80 3.3T-GDI 2WD (19""타이어)",gasoline,7.4,10.5,,3342.0,2016
"G80 3.3T-GDI AWD (19""타이어)",gasoline,7.0,9.8,,3342.0,2016
포터 2.5디젤 4WD 표준캡(유로6) (15),diesel,8.4,9.3,,2497.0,2016
포터 2.5디젤 장축 더블캡(유로6) (15),diesel,8.4,8.9,,2497.0,2016
포터 2.5디젤 초장축 표준캡(유로6) (15),diesel,8.7,9.1,,2497.0,2016
포터 2.5디젤 장축 슈퍼캡(유로6) (15),diesel,8.7,9.1,,2497.0,2016
포터 2.5디젤 장축 표준캡(유로6) (15),diesel,8.7,9.1,,2497.0,2016
포터 2.5디젤 장축 더블캡(유로6) (15),diesel,9.4,9.4,,2497.0,2016
포터 2.5디젤 초장축 표준캡(유로6) (15),diesel,9.6,9.7,,2497.0,2016
포터 2.5디젤 장축 슈퍼캡(유로6) (15),diesel,9.6,9.7,,2497.0,2016
"아슬란 3.3GDI 8AT (19""타이어) (15)",gasoline,8.3,11.8,,3342.0,2016
"아슬란 3.3GDI 8AT (18""타이어) (15)",gasoline,8.4,12.0,,3342.0,2016
"아슬란 3.0GDI 8AT (19""타이어) (15)",gasoline,8.5,11.9,,2999.0,2016
"아슬란 3.0GDI 8AT (18""타이어) (15)",gasoline,8.6,12.2,,2999.0,2016
포터 2.5디젤 4WD 더블캡(유로6) (15),diesel,8.4,9.3,,2497.0,2016
포터 2.5디젤 4WD 슈퍼캡(유로6) (15),diesel,8.4,9.3,,2497.0,2016
포터 2.5디젤 초장축 더블캡(유로6) (15),diesel,8.4,8.9,,2497.0,2016
포터 2.5디젤 초장축 슈퍼캡(유로6) (15),diesel,8.7,9.1,,2497.0,2016
포터 2.5디젤 초장축 더블캡(유로6) (15),diesel,9.4,9.4,,2497.0,2016
포터 2.5디젤 초장축 슈퍼캡(유로6) (15),diesel,9.6,9.7,,2497.0,2016
아이오닉 1.6GDI 하이브리드 6DCT_17''타이어,gasoline,20.4,19.9,,1580.0,2016
아이오닉 1.6GDI 하이브리드 6DCT_15''타이어,gasoline,22.5,22.2,,1580.0,2016
아슬란 3.0GDI,gasoline,8.1,11.8,,2999.0,2014
아슬란 3.3GDI,gasoline,8.1,11.9,,3342.0,2014
